site,keyword,rank,date
Site A,笔记本电脑,5,2024-06-01
Site A,笔记本电脑,5,2024-06-02
Site A,笔记本电脑,5,2024-06-03
Site A,笔记本电脑,5,2024-06-04
Site A,笔记本电脑,5,2024-06-05
Site A,笔记本电脑,5,2024-06-06
Site A,笔记本电脑,5,2024-06-07
Site A,笔记本电脑,5,2024-06-08
Site A,笔记本电脑,5,2024-06-09
Site A,笔记本电脑,5,2024-06-10
Site A,笔记本电脑,5,2024-06-11
Site A,笔记本电脑,5,2024-06-12
Site A,笔记本电脑,5,2024-06-13
Site A,笔记本电脑,5,2024-06-14
Site A,笔记本电脑,5,2024-06-15
Site A,笔记本电脑,5,2024-06-16
Site A,笔记本电脑,5,2024-06-17
Site A,笔记本电脑,5,2024-06-18
Site A,笔记本电脑,5,2024-06-19
Site A,笔记本电脑,5,2024-06-20
Site A,笔记本电脑,5,2024-06-21
Site A,笔记本电脑,5,2024-06-22
Site A,笔记本电脑,5,2024-06-23
Site A,笔记本电脑,5,2024-06-24
Site A,笔记本电脑,5,2024-06-25
Site A,笔记本电脑,5,2024-06-26
Site A,笔记本电脑,5,2024-06-27
Site A,笔记本电脑,5,2024-06-28
Site A,笔记本电脑,5,2024-06-29
Site A,笔记本电脑,5,2024-06-30
Site A,笔记本电脑,9,2024-07-01
Site A,笔记本电脑,9,2024-07-02
Site A,笔记本电脑,9,2024-07-03
Site A,笔记本电脑,9,2024-07-04
Site A,笔记本电脑,9,2024-07-05
Site A,笔记本电脑,9,2024-07-06
Site A,笔记本电脑,9,2024-07-07
Site A,笔记本电脑,9,2024-07-08
Site A,笔记本电脑,9,2024-07-09
Site A,笔记本电脑,9,2024-07-10
Site A,笔记本电脑,9,2024-07-11
Site A,笔记本电脑,9,2024-07-12
Site A,笔记本电脑,9,2024-07-13
Site A,笔记本电脑,9,2024-07-14
Site A,笔记本电脑,9,2024-07-15
Site A,笔记本电脑,9,2024-07-16
Site A,笔记本电脑,9,2024-07-17
Site A,笔记本电脑,9,2024-07-18
Site A,笔记本电脑,9,2024-07-19
Site A,笔记本电脑,9,2024-07-20
Site A,笔记本电脑,9,2024-07-21
Site A,笔记本电脑,9,2024-07-22
Site A,笔记本电脑,9,2024-07-23
Site A,笔记本电脑,9,2024-07-24
Site A,笔记本电脑,9,2024-07-25
Site A,笔记本电脑,9,2024-07-26
Site A,笔记本电脑,9,2024-07-27
Site A,笔记本电脑,9,2024-07-28
Site A,笔记本电脑,9,2024-07-29
Site A,笔记本电脑,9,2024-07-30
Site A,机械键盘,6,2024-06-01
Site A,机械键盘,6,2024-06-02
Site A,机械键盘,6,2024-06-03
Site A,机械键盘,6,2024-06-04
Site A,机械键盘,6,2024-06-05
Site A,机械键盘,6,2024-06-06
Site A,机械键盘,6,2024-06-07
Site A,机械键盘,6,2024-06-08
Site A,机械键盘,6,2024-06-09
Site A,机械键盘,6,2024-06-10
Site A,机械键盘,6,2024-06-11
Site A,机械键盘,6,2024-06-12
Site A,机械键盘,6,2024-06-13
Site A,机械键盘,6,2024-06-14
Site A,机械键盘,6,2024-06-15
Site A,机械键盘,6,2024-06-16
Site A,机械键盘,6,2024-06-17
Site A,机械键盘,6,2024-06-18
Site A,机械键盘,6,2024-06-19
Site A,机械键盘,6,2024-06-20
Site A,机械键盘,6,2024-06-21
Site A,机械键盘,6,2024-06-22
Site A,机械键盘,6,2024-06-23
Site A,机械键盘,6,2024-06-24
Site A,机械键盘,6,2024-06-25
Site A,机械键盘,6,2024-06-26
Site A,机械键盘,6,2024-06-27
Site A,机械键盘,6,2024-06-28
Site A,机械键盘,6,2024-06-29
Site A,机械键盘,6,2024-06-30
Site A,机械键盘,11,2024-07-01
Site A,机械键盘,11,2024-07-02
Site A,机械键盘,11,2024-07-03
Site A,机械键盘,11,2024-07-04
Site A,机械键盘,11,2024-07-05
Site A,机械键盘,11,2024-07-06
Site A,机械键盘,11,2024-07-07
Site A,机械键盘,11,2024-07-08
Site A,机械键盘,11,2024-07-09
Site A,机械键盘,11,2024-07-10
Site A,机械键盘,11,2024-07-11
Site A,机械键盘,11,2024-07-12
Site A,机械键盘,11,2024-07-13
Site A,机械键盘,11,2024-07-14
Site A,机械键盘,11,2024-07-15
Site A,机械键盘,11,2024-07-16
Site A,机械键盘,11,2024-07-17
Site A,机械键盘,11,2024-07-18
Site A,机械键盘,11,2024-07-19
Site A,机械键盘,11,2024-07-20
Site A,机械键盘,11,2024-07-21
Site A,机械键盘,11,2024-07-22
Site A,机械键盘,11,2024-07-23
Site A,机械键盘,11,2024-07-24
Site A,机械键盘,11,2024-07-25
Site A,机械键盘,11,2024-07-26
Site A,机械键盘,11,2024-07-27
Site A,机械键盘,11,2024-07-28
Site A,机械键盘,11,2024-07-29
Site A,机械键盘,11,2024-07-30
Site A,无线鼠标,7,2024-06-01
Site A,无线鼠标,7,2024-06-02
Site A,无线鼠标,7,2024-06-03
Site A,无线鼠标,7,2024-06-04
Site A,无线鼠标,7,2024-06-05
Site A,无线鼠标,7,2024-06-06
Site A,无线鼠标,7,2024-06-07
Site A,无线鼠标,7,2024-06-08
Site A,无线鼠标,7,2024-06-09
Site A,无线鼠标,7,2024-06-10
Site A,无线鼠标,7,2024-06-11
Site A,无线鼠标,7,2024-06-12
Site A,无线鼠标,7,2024-06-13
Site A,无线鼠标,7,2024-06-14
Site A,无线鼠标,7,2024-06-15
Site A,无线鼠标,7,2024-06-16
Site A,无线鼠标,7,2024-06-17
Site A,无线鼠标,7,2024-06-18
Site A,无线鼠标,7,2024-06-19
Site A,无线鼠标,7,2024-06-20
Site A,无线鼠标,7,2024-06-21
Site A,无线鼠标,7,2024-06-22
Site A,无线鼠标,7,2024-06-23
Site A,无线鼠标,7,2024-06-24
Site A,无线鼠标,7,2024-06-25
Site A,无线鼠标,7,2024-06-26
Site A,无线鼠标,7,2024-06-27
Site A,无线鼠标,7,2024-06-28
Site A,无线鼠标,7,2024-06-29
Site A,无线鼠标,7,2024-06-30
Site A,无线鼠标,13,2024-07-01
Site A,无线鼠标,13,2024-07-02
Site A,无线鼠标,13,2024-07-03
Site A,无线鼠标,13,2024-07-04
Site A,无线鼠标,13,2024-07-05
Site A,无线鼠标,13,2024-07-06
Site A,无线鼠标,13,2024-07-07
Site A,无线鼠标,13,2024-07-08
Site A,无线鼠标,13,2024-07-09
Site A,无线鼠标,13,2024-07-10
Site A,无线鼠标,13,2024-07-11
Site A,无线鼠标,13,2024-07-12
Site A,无线鼠标,13,2024-07-13
Site A,无线鼠标,13,2024-07-14
Site A,无线鼠标,13,2024-07-15
Site A,无线鼠标,13,2024-07-16
Site A,无线鼠标,13,2024-07-17
Site A,无线鼠标,13,2024-07-18
Site A,无线鼠标,13,2024-07-19
Site A,无线鼠标,13,2024-07-20
Site A,无线鼠标,13,2024-07-21
Site A,无线鼠标,13,2024-07-22
Site A,无线鼠标,13,2024-07-23
Site A,无线鼠标,13,2024-07-24
Site A,无线鼠标,13,2024-07-25
Site A,无线鼠标,13,2024-07-26
Site A,无线鼠标,13,2024-07-27
Site A,无线鼠标,13,2024-07-28
Site A,无线鼠标,13,2024-07-29
Site A,无线鼠标,13,2024-07-30
Site A,显示器,8,2024-06-01
Site A,显示器,8,2024-06-02
Site A,显示器,8,2024-06-03
Site A,显示器,8,2024-06-04
Site A,显示器,8,2024-06-05
Site A,显示器,8,2024-06-06
Site A,显示器,8,2024-06-07
Site A,显示器,8,2024-06-08
Site A,显示器,8,2024-06-09
Site A,显示器,8,2024-06-10
Site A,显示器,8,2024-06-11
Site A,显示器,8,2024-06-12
Site A,显示器,8,2024-06-13
Site A,显示器,8,2024-06-14
Site A,显示器,8,2024-06-15
Site A,显示器,8,2024-06-16
Site A,显示器,8,2024-06-17
Site A,显示器,8,2024-06-18
Site A,显示器,8,2024-06-19
Site A,显示器,8,2024-06-20
Site A,显示器,8,2024-06-21
Site A,显示器,8,2024-06-22
Site A,显示器,8,2024-06-23
Site A,显示器,8,2024-06-24
Site A,显示器,8,2024-06-25
Site A,显示器,8,2024-06-26
Site A,显示器,8,2024-06-27
Site A,显示器,8,2024-06-28
Site A,显示器,8,2024-06-29
Site A,显示器,8,2024-06-30
Site A,显示器,15,2024-07-01
Site A,显示器,15,2024-07-02
Site A,显示器,15,2024-07-03
Site A,显示器,15,2024-07-04
Site A,显示器,15,2024-07-05
Site A,显示器,15,2024-07-06
Site A,显示器,15,2024-07-07
Site A,显示器,15,2024-07-08
Site A,显示器,15,2024-07-09
Site A,显示器,15,2024-07-10
Site A,显示器,15,2024-07-11
Site A,显示器,15,2024-07-12
Site A,显示器,15,2024-07-13
Site A,显示器,15,2024-07-14
Site A,显示器,15,2024-07-15
Site A,显示器,15,2024-07-16
Site A,显示器,15,2024-07-17
Site A,显示器,15,2024-07-18
Site A,显示器,15,2024-07-19
Site A,显示器,15,2024-07-20
Site A,显示器,15,2024-07-21
Site A,显示器,15,2024-07-22
Site A,显示器,15,2024-07-23
Site A,显示器,15,2024-07-24
Site A,显示器,15,2024-07-25
Site A,显示器,15,2024-07-26
Site A,显示器,15,2024-07-27
Site A,显示器,15,2024-07-28
Site A,显示器,15,2024-07-29
Site A,显示器,15,2024-07-30
Site A,办公椅,9,2024-06-01
Site A,办公椅,9,2024-06-02
Site A,办公椅,9,2024-06-03
Site A,办公椅,9,2024-06-04
Site A,办公椅,9,2024-06-05
Site A,办公椅,9,2024-06-06
Site A,办公椅,9,2024-06-07
Site A,办公椅,9,2024-06-08
Site A,办公椅,9,2024-06-09
Site A,办公椅,9,2024-06-10
Site A,办公椅,9,2024-06-11
Site A,办公椅,9,2024-06-12
Site A,办公椅,9,2024-06-13
Site A,办公椅,9,2024-06-14
Site A,办公椅,9,2024-06-15
Site A,办公椅,9,2024-06-16
Site A,办公椅,9,2024-06-17
Site A,办公椅,9,2024-06-18
Site A,办公椅,9,2024-06-19
Site A,办公椅,9,2024-06-20
Site A,办公椅,9,2024-06-21
Site A,办公椅,9,2024-06-22
Site A,办公椅,9,2024-06-23
Site A,办公椅,9,2024-06-24
Site A,办公椅,9,2024-06-25
Site A,办公椅,9,2024-06-26
Site A,办公椅,9,2024-06-27
Site A,办公椅,9,2024-06-28
Site A,办公椅,9,2024-06-29
Site A,办公椅,9,2024-06-30
Site A,办公椅,17,2024-07-01
Site A,办公椅,17,2024-07-02
Site A,办公椅,17,2024-07-03
Site A,办公椅,17,2024-07-04
Site A,办公椅,17,2024-07-05
Site A,办公椅,17,2024-07-06
Site A,办公椅,17,2024-07-07
Site A,办公椅,17,2024-07-08
Site A,办公椅,17,2024-07-09
Site A,办公椅,17,2024-07-10
Site A,办公椅,17,2024-07-11
Site A,办公椅,17,2024-07-12
Site A,办公椅,17,2024-07-13
Site A,办公椅,17,2024-07-14
Site A,办公椅,17,2024-07-15
Site A,办公椅,17,2024-07-16
Site A,办公椅,17,2024-07-17
Site A,办公椅,17,2024-07-18
Site A,办公椅,17,2024-07-19
Site A,办公椅,17,2024-07-20
Site A,办公椅,17,2024-07-21
Site A,办公椅,17,2024-07-22
Site A,办公椅,17,2024-07-23
Site A,办公椅,17,2024-07-24
Site A,办公椅,17,2024-07-25
Site A,办公椅,17,2024-07-26
Site A,办公椅,17,2024-07-27
Site A,办公椅,17,2024-07-28
Site A,办公椅,17,2024-07-29
Site A,办公椅,17,2024-07-30
Site A,打印机,10,2024-06-01
Site A,打印机,10,2024-06-02
Site A,打印机,10,2024-06-03
Site A,打印机,10,2024-06-04
Site A,打印机,10,2024-06-05
Site A,打印机,10,2024-06-06
Site A,打印机,10,2024-06-07
Site A,打印机,10,2024-06-08
Site A,打印机,10,2024-06-09
Site A,打印机,10,2024-06-10
Site A,打印机,10,2024-06-11
Site A,打印机,10,2024-06-12
Site A,打印机,10,2024-06-13
Site A,打印机,10,2024-06-14
Site A,打印机,10,2024-06-15
Site A,打印机,10,2024-06-16
Site A,打印机,10,2024-06-17
Site A,打印机,10,2024-06-18
Site A,打印机,10,2024-06-19
Site A,打印机,10,2024-06-20
Site A,打印机,10,2024-06-21
Site A,打印机,10,2024-06-22
Site A,打印机,10,2024-06-23
Site A,打印机,10,2024-06-24
Site A,打印机,10,2024-06-25
Site A,打印机,10,2024-06-26
Site A,打印机,10,2024-06-27
Site A,打印机,10,2024-06-28
Site A,打印机,10,2024-06-29
Site A,打印机,10,2024-06-30
Site A,打印机,14,2024-07-01
Site A,打印机,14,2024-07-02
Site A,打印机,14,2024-07-03
Site A,打印机,14,2024-07-04
Site A,打印机,14,2024-07-05
Site A,打印机,14,2024-07-06
Site A,打印机,14,2024-07-07
Site A,打印机,14,2024-07-08
Site A,打印机,14,2024-07-09
Site A,打印机,14,2024-07-10
Site A,打印机,14,2024-07-11
Site A,打印机,14,2024-07-12
Site A,打印机,14,2024-07-13
Site A,打印机,14,2024-07-14
Site A,打印机,14,2024-07-15
Site A,打印机,14,2024-07-16
Site A,打印机,14,2024-07-17
Site A,打印机,14,2024-07-18
Site A,打印机,14,2024-07-19
Site A,打印机,14,2024-07-20
Site A,打印机,14,2024-07-21
Site A,打印机,14,2024-07-22
Site A,打印机,14,2024-07-23
Site A,打印机,14,2024-07-24
Site A,打印机,14,2024-07-25
Site A,打印机,14,2024-07-26
Site A,打印机,14,2024-07-27
Site A,打印机,14,2024-07-28
Site A,打印机,14,2024-07-29
Site A,打印机,14,2024-07-30
Site A,路由器,11,2024-06-01
Site A,路由器,11,2024-06-02
Site A,路由器,11,2024-06-03
Site A,路由器,11,2024-06-04
Site A,路由器,11,2024-06-05
Site A,路由器,11,2024-06-06
Site A,路由器,11,2024-06-07
Site A,路由器,11,2024-06-08
Site A,路由器,11,2024-06-09
Site A,路由器,11,2024-06-10
Site A,路由器,11,2024-06-11
Site A,路由器,11,2024-06-12
Site A,路由器,11,2024-06-13
Site A,路由器,11,2024-06-14
Site A,路由器,11,2024-06-15
Site A,路由器,11,2024-06-16
Site A,路由器,11,2024-06-17
Site A,路由器,11,2024-06-18
Site A,路由器,11,2024-06-19
Site A,路由器,11,2024-06-20
Site A,路由器,11,2024-06-21
Site A,路由器,11,2024-06-22
Site A,路由器,11,2024-06-23
Site A,路由器,11,2024-06-24
Site A,路由器,11,2024-06-25
Site A,路由器,11,2024-06-26
Site A,路由器,11,2024-06-27
Site A,路由器,11,2024-06-28
Site A,路由器,11,2024-06-29
Site A,路由器,11,2024-06-30
Site A,路由器,16,2024-07-01
Site A,路由器,16,2024-07-02
Site A,路由器,16,2024-07-03
Site A,路由器,16,2024-07-04
Site A,路由器,16,2024-07-05
Site A,路由器,16,2024-07-06
Site A,路由器,16,2024-07-07
Site A,路由器,16,2024-07-08
Site A,路由器,16,2024-07-09
Site A,路由器,16,2024-07-10
Site A,路由器,16,2024-07-11
Site A,路由器,16,2024-07-12
Site A,路由器,16,2024-07-13
Site A,路由器,16,2024-07-14
Site A,路由器,16,2024-07-15
Site A,路由器,16,2024-07-16
Site A,路由器,16,2024-07-17
Site A,路由器,16,2024-07-18
Site A,路由器,16,2024-07-19
Site A,路由器,16,2024-07-20
Site A,路由器,16,2024-07-21
Site A,路由器,16,2024-07-22
Site A,路由器,16,2024-07-23
Site A,路由器,16,2024-07-24
Site A,路由器,16,2024-07-25
Site A,路由器,16,2024-07-26
Site A,路由器,16,2024-07-27
Site A,路由器,16,2024-07-28
Site A,路由器,16,2024-07-29
Site A,路由器,16,2024-07-30
Site A,固态硬盘,12,2024-06-01
Site A,固态硬盘,12,2024-06-02
Site A,固态硬盘,12,2024-06-03
Site A,固态硬盘,12,2024-06-04
Site A,固态硬盘,12,2024-06-05
Site A,固态硬盘,12,2024-06-06
Site A,固态硬盘,12,2024-06-07
Site A,固态硬盘,12,2024-06-08
Site A,固态硬盘,12,2024-06-09
Site A,固态硬盘,12,2024-06-10
Site A,固态硬盘,12,2024-06-11
Site A,固态硬盘,12,2024-06-12
Site A,固态硬盘,12,2024-06-13
Site A,固态硬盘,12,2024-06-14
Site A,固态硬盘,12,2024-06-15
Site A,固态硬盘,12,2024-06-16
Site A,固态硬盘,12,2024-06-17
Site A,固态硬盘,12,2024-06-18
Site A,固态硬盘,12,2024-06-19
Site A,固态硬盘,12,2024-06-20
Site A,固态硬盘,12,2024-06-21
Site A,固态硬盘,12,2024-06-22
Site A,固态硬盘,12,2024-06-23
Site A,固态硬盘,12,2024-06-24
Site A,固态硬盘,12,2024-06-25
Site A,固态硬盘,12,2024-06-26
Site A,固态硬盘,12,2024-06-27
Site A,固态硬盘,12,2024-06-28
Site A,固态硬盘,12,2024-06-29
Site A,固态硬盘,12,2024-06-30
Site A,固态硬盘,18,2024-07-01
Site A,固态硬盘,18,2024-07-02
Site A,固态硬盘,18,2024-07-03
Site A,固态硬盘,18,2024-07-04
Site A,固态硬盘,18,2024-07-05
Site A,固态硬盘,18,2024-07-06
Site A,固态硬盘,18,2024-07-07
Site A,固态硬盘,18,2024-07-08
Site A,固态硬盘,18,2024-07-09
Site A,固态硬盘,18,2024-07-10
Site A,固态硬盘,18,2024-07-11
Site A,固态硬盘,18,2024-07-12
Site A,固态硬盘,18,2024-07-13
Site A,固态硬盘,18,2024-07-14
Site A,固态硬盘,18,2024-07-15
Site A,固态硬盘,18,2024-07-16
Site A,固态硬盘,18,2024-07-17
Site A,固态硬盘,18,2024-07-18
Site A,固态硬盘,18,2024-07-19
Site A,固态硬盘,18,2024-07-20
Site A,固态硬盘,18,2024-07-21
Site A,固态硬盘,18,2024-07-22
Site A,固态硬盘,18,2024-07-23
Site A,固态硬盘,18,2024-07-24
Site A,固态硬盘,18,2024-07-25
Site A,固态硬盘,18,2024-07-26
Site A,固态硬盘,18,2024-07-27
Site A,固态硬盘,18,2024-07-28
Site A,固态硬盘,18,2024-07-29
Site A,固态硬盘,18,2024-07-30
Site A,内存条,13,2024-06-01
Site A,内存条,13,2024-06-02
Site A,内存条,13,2024-06-03
Site A,内存条,13,2024-06-04
Site A,内存条,13,2024-06-05
Site A,内存条,13,2024-06-06
Site A,内存条,13,2024-06-07
Site A,内存条,13,2024-06-08
Site A,内存条,13,2024-06-09
Site A,内存条,13,2024-06-10
Site A,内存条,13,2024-06-11
Site A,内存条,13,2024-06-12
Site A,内存条,13,2024-06-13
Site A,内存条,13,2024-06-14
Site A,内存条,13,2024-06-15
Site A,内存条,13,2024-06-16
Site A,内存条,13,2024-06-17
Site A,内存条,13,2024-06-18
Site A,内存条,13,2024-06-19
Site A,内存条,13,2024-06-20
Site A,内存条,13,2024-06-21
Site A,内存条,13,2024-06-22
Site A,内存条,13,2024-06-23
Site A,内存条,13,2024-06-24
Site A,内存条,13,2024-06-25
Site A,内存条,13,2024-06-26
Site A,内存条,13,2024-06-27
Site A,内存条,13,2024-06-28
Site A,内存条,13,2024-06-29
Site A,内存条,13,2024-06-30
Site A,内存条,20,2024-07-01
Site A,内存条,20,2024-07-02
Site A,内存条,20,2024-07-03
Site A,内存条,20,2024-07-04
Site A,内存条,20,2024-07-05
Site A,内存条,20,2024-07-06
Site A,内存条,20,2024-07-07
Site A,内存条,20,2024-07-08
Site A,内存条,20,2024-07-09
Site A,内存条,20,2024-07-10
Site A,内存条,20,2024-07-11
Site A,内存条,20,2024-07-12
Site A,内存条,20,2024-07-13
Site A,内存条,20,2024-07-14
Site A,内存条,20,2024-07-15
Site A,内存条,20,2024-07-16
Site A,内存条,20,2024-07-17
Site A,内存条,20,2024-07-18
Site A,内存条,20,2024-07-19
Site A,内存条,20,2024-07-20
Site A,内存条,20,2024-07-21
Site A,内存条,20,2024-07-22
Site A,内存条,20,2024-07-23
Site A,内存条,20,2024-07-24
Site A,内存条,20,2024-07-25
Site A,内存条,20,2024-07-26
Site A,内存条,20,2024-07-27
Site A,内存条,20,2024-07-28
Site A,内存条,20,2024-07-29
Site A,内存条,20,2024-07-30
Site A,显卡,14,2024-06-01
Site A,显卡,14,2024-06-02
Site A,显卡,14,2024-06-03
Site A,显卡,14,2024-06-04
Site A,显卡,14,2024-06-05
Site A,显卡,14,2024-06-06
Site A,显卡,14,2024-06-07
Site A,显卡,14,2024-06-08
Site A,显卡,14,2024-06-09
Site A,显卡,14,2024-06-10
Site A,显卡,14,2024-06-11
Site A,显卡,14,2024-06-12
Site A,显卡,14,2024-06-13
Site A,显卡,14,2024-06-14
Site A,显卡,14,2024-06-15
Site A,显卡,14,2024-06-16
Site A,显卡,14,2024-06-17
Site A,显卡,14,2024-06-18
Site A,显卡,14,2024-06-19
Site A,显卡,14,2024-06-20
Site A,显卡,14,2024-06-21
Site A,显卡,14,2024-06-22
Site A,显卡,14,2024-06-23
Site A,显卡,14,2024-06-24
Site A,显卡,14,2024-06-25
Site A,显卡,14,2024-06-26
Site A,显卡,14,2024-06-27
Site A,显卡,14,2024-06-28
Site A,显卡,14,2024-06-29
Site A,显卡,14,2024-06-30
Site A,显卡,22,2024-07-01
Site A,显卡,22,2024-07-02
Site A,显卡,22,2024-07-03
Site A,显卡,22,2024-07-04
Site A,显卡,22,2024-07-05
Site A,显卡,22,2024-07-06
Site A,显卡,22,2024-07-07
Site A,显卡,22,2024-07-08
Site A,显卡,22,2024-07-09
Site A,显卡,22,2024-07-10
Site A,显卡,22,2024-07-11
Site A,显卡,22,2024-07-12
Site A,显卡,22,2024-07-13
Site A,显卡,22,2024-07-14
Site A,显卡,22,2024-07-15
Site A,显卡,22,2024-07-16
Site A,显卡,22,2024-07-17
Site A,显卡,22,2024-07-18
Site A,显卡,22,2024-07-19
Site A,显卡,22,2024-07-20
Site A,显卡,22,2024-07-21
Site A,显卡,22,2024-07-22
Site A,显卡,22,2024-07-23
Site A,显卡,22,2024-07-24
Site A,显卡,22,2024-07-25
Site A,显卡,22,2024-07-26
Site A,显卡,22,2024-07-27
Site A,显卡,22,2024-07-28
Site A,显卡,22,2024-07-29
Site A,显卡,22,2024-07-30
Site A,主板,15,2024-06-01
Site A,主板,15,2024-06-02
Site A,主板,15,2024-06-03
Site A,主板,15,2024-06-04
Site A,主板,15,2024-06-05
Site A,主板,15,2024-06-06
Site A,主板,15,2024-06-07
Site A,主板,15,2024-06-08
Site A,主板,15,2024-06-09
Site A,主板,15,2024-06-10
Site A,主板,15,2024-06-11
Site A,主板,15,2024-06-12
Site A,主板,15,2024-06-13
Site A,主板,15,2024-06-14
Site A,主板,15,2024-06-15
Site A,主板,15,2024-06-16
Site A,主板,15,2024-06-17
Site A,主板,15,2024-06-18
Site A,主板,15,2024-06-19
Site A,主板,15,2024-06-20
Site A,主板,15,2024-06-21
Site A,主板,15,2024-06-22
Site A,主板,15,2024-06-23
Site A,主板,15,2024-06-24
Site A,主板,15,2024-06-25
Site A,主板,15,2024-06-26
Site A,主板,15,2024-06-27
Site A,主板,15,2024-06-28
Site A,主板,15,2024-06-29
Site A,主板,15,2024-06-30
Site A,主板,19,2024-07-01
Site A,主板,19,2024-07-02
Site A,主板,19,2024-07-03
Site A,主板,19,2024-07-04
Site A,主板,19,2024-07-05
Site A,主板,19,2024-07-06
Site A,主板,19,2024-07-07
Site A,主板,19,2024-07-08
Site A,主板,19,2024-07-09
Site A,主板,19,2024-07-10
Site A,主板,19,2024-07-11
Site A,主板,19,2024-07-12
Site A,主板,19,2024-07-13
Site A,主板,19,2024-07-14
Site A,主板,19,2024-07-15
Site A,主板,19,2024-07-16
Site A,主板,19,2024-07-17
Site A,主板,19,2024-07-18
Site A,主板,19,2024-07-19
Site A,主板,19,2024-07-20
Site A,主板,19,2024-07-21
Site A,主板,19,2024-07-22
Site A,主板,19,2024-07-23
Site A,主板,19,2024-07-24
Site A,主板,19,2024-07-25
Site A,主板,19,2024-07-26
Site A,主板,19,2024-07-27
Site A,主板,19,2024-07-28
Site A,主板,19,2024-07-29
Site A,主板,19,2024-07-30
Site A,电源,16,2024-06-01
Site A,电源,16,2024-06-02
Site A,电源,16,2024-06-03
Site A,电源,16,2024-06-04
Site A,电源,16,2024-06-05
Site A,电源,16,2024-06-06
Site A,电源,16,2024-06-07
Site A,电源,16,2024-06-08
Site A,电源,16,2024-06-09
Site A,电源,16,2024-06-10
Site A,电源,16,2024-06-11
Site A,电源,16,2024-06-12
Site A,电源,16,2024-06-13
Site A,电源,16,2024-06-14
Site A,电源,16,2024-06-15
Site A,电源,16,2024-06-16
Site A,电源,16,2024-06-17
Site A,电源,16,2024-06-18
Site A,电源,16,2024-06-19
Site A,电源,16,2024-06-20
Site A,电源,16,2024-06-21
Site A,电源,16,2024-06-22
Site A,电源,16,2024-06-23
Site A,电源,16,2024-06-24
Site A,电源,16,2024-06-25
Site A,电源,16,2024-06-26
Site A,电源,16,2024-06-27
Site A,电源,16,2024-06-28
Site A,电源,16,2024-06-29
Site A,电源,16,2024-06-30
Site A,电源,21,2024-07-01
Site A,电源,21,2024-07-02
Site A,电源,21,2024-07-03
Site A,电源,21,2024-07-04
Site A,电源,21,2024-07-05
Site A,电源,21,2024-07-06
Site A,电源,21,2024-07-07
Site A,电源,21,2024-07-08
Site A,电源,21,2024-07-09
Site A,电源,21,2024-07-10
Site A,电源,21,2024-07-11
Site A,电源,21,2024-07-12
Site A,电源,21,2024-07-13
Site A,电源,21,2024-07-14
Site A,电源,21,2024-07-15
Site A,电源,21,2024-07-16
Site A,电源,21,2024-07-17
Site A,电源,21,2024-07-18
Site A,电源,21,2024-07-19
Site A,电源,21,2024-07-20
Site A,电源,21,2024-07-21
Site A,电源,21,2024-07-22
Site A,电源,21,2024-07-23
Site A,电源,21,2024-07-24
Site A,电源,21,2024-07-25
Site A,电源,21,2024-07-26
Site A,电源,21,2024-07-27
Site A,电源,21,2024-07-28
Site A,电源,21,2024-07-29
Site A,电源,21,2024-07-30
Site A,机箱,17,2024-06-01
Site A,机箱,17,2024-06-02
Site A,机箱,17,2024-06-03
Site A,机箱,17,2024-06-04
Site A,机箱,17,2024-06-05
Site A,机箱,17,2024-06-06
Site A,机箱,17,2024-06-07
Site A,机箱,17,2024-06-08
Site A,机箱,17,2024-06-09
Site A,机箱,17,2024-06-10
Site A,机箱,17,2024-06-11
Site A,机箱,17,2024-06-12
Site A,机箱,17,2024-06-13
Site A,机箱,17,2024-06-14
Site A,机箱,17,2024-06-15
Site A,机箱,17,2024-06-16
Site A,机箱,17,2024-06-17
Site A,机箱,17,2024-06-18
Site A,机箱,17,2024-06-19
Site A,机箱,17,2024-06-20
Site A,机箱,17,2024-06-21
Site A,机箱,17,2024-06-22
Site A,机箱,17,2024-06-23
Site A,机箱,17,2024-06-24
Site A,机箱,17,2024-06-25
Site A,机箱,17,2024-06-26
Site A,机箱,17,2024-06-27
Site A,机箱,17,2024-06-28
Site A,机箱,17,2024-06-29
Site A,机箱,17,2024-06-30
Site A,机箱,23,2024-07-01
Site A,机箱,23,2024-07-02
Site A,机箱,23,2024-07-03
Site A,机箱,23,2024-07-04
Site A,机箱,23,2024-07-05
Site A,机箱,23,2024-07-06
Site A,机箱,23,2024-07-07
Site A,机箱,23,2024-07-08
Site A,机箱,23,2024-07-09
Site A,机箱,23,2024-07-10
Site A,机箱,23,2024-07-11
Site A,机箱,23,2024-07-12
Site A,机箱,23,2024-07-13
Site A,机箱,23,2024-07-14
Site A,机箱,23,2024-07-15
Site A,机箱,23,2024-07-16
Site A,机箱,23,2024-07-17
Site A,机箱,23,2024-07-18
Site A,机箱,23,2024-07-19
Site A,机箱,23,2024-07-20
Site A,机箱,23,2024-07-21
Site A,机箱,23,2024-07-22
Site A,机箱,23,2024-07-23
Site A,机箱,23,2024-07-24
Site A,机箱,23,2024-07-25
Site A,机箱,23,2024-07-26
Site A,机箱,23,2024-07-27
Site A,机箱,23,2024-07-28
Site A,机箱,23,2024-07-29
Site A,机箱,23,2024-07-30
Site A,摄像头,18,2024-06-01
Site A,摄像头,18,2024-06-02
Site A,摄像头,18,2024-06-03
Site A,摄像头,18,2024-06-04
Site A,摄像头,18,2024-06-05
Site A,摄像头,18,2024-06-06
Site A,摄像头,18,2024-06-07
Site A,摄像头,18,2024-06-08
Site A,摄像头,18,2024-06-09
Site A,摄像头,18,2024-06-10
Site A,摄像头,18,2024-06-11
Site A,摄像头,18,2024-06-12
Site A,摄像头,18,2024-06-13
Site A,摄像头,18,2024-06-14
Site A,摄像头,18,2024-06-15
Site A,摄像头,18,2024-06-16
Site A,摄像头,18,2024-06-17
Site A,摄像头,18,2024-06-18
Site A,摄像头,18,2024-06-19
Site A,摄像头,18,2024-06-20
Site A,摄像头,18,2024-06-21
Site A,摄像头,18,2024-06-22
Site A,摄像头,18,2024-06-23
Site A,摄像头,18,2024-06-24
Site A,摄像头,18,2024-06-25
Site A,摄像头,18,2024-06-26
Site A,摄像头,18,2024-06-27
Site A,摄像头,18,2024-06-28
Site A,摄像头,18,2024-06-29
Site A,摄像头,18,2024-06-30
Site A,摄像头,25,2024-07-01
Site A,摄像头,25,2024-07-02
Site A,摄像头,25,2024-07-03
Site A,摄像头,25,2024-07-04
Site A,摄像头,25,2024-07-05
Site A,摄像头,25,2024-07-06
Site A,摄像头,25,2024-07-07
Site A,摄像头,25,2024-07-08
Site A,摄像头,25,2024-07-09
Site A,摄像头,25,2024-07-10
Site A,摄像头,25,2024-07-11
Site A,摄像头,25,2024-07-12
Site A,摄像头,25,2024-07-13
Site A,摄像头,25,2024-07-14
Site A,摄像头,25,2024-07-15
Site A,摄像头,25,2024-07-16
Site A,摄像头,25,2024-07-17
Site A,摄像头,25,2024-07-18
Site A,摄像头,25,2024-07-19
Site A,摄像头,25,2024-07-20
Site A,摄像头,25,2024-07-21
Site A,摄像头,25,2024-07-22
Site A,摄像头,25,2024-07-23
Site A,摄像头,25,2024-07-24
Site A,摄像头,25,2024-07-25
Site A,摄像头,25,2024-07-26
Site A,摄像头,25,2024-07-27
Site A,摄像头,25,2024-07-28
Site A,摄像头,25,2024-07-29
Site A,摄像头,25,2024-07-30
Site A,麦克风,19,2024-06-01
Site A,麦克风,19,2024-06-02
Site A,麦克风,19,2024-06-03
Site A,麦克风,19,2024-06-04
Site A,麦克风,19,2024-06-05
Site A,麦克风,19,2024-06-06
Site A,麦克风,19,2024-06-07
Site A,麦克风,19,2024-06-08
Site A,麦克风,19,2024-06-09
Site A,麦克风,19,2024-06-10
Site A,麦克风,19,2024-06-11
Site A,麦克风,19,2024-06-12
Site A,麦克风,19,2024-06-13
Site A,麦克风,19,2024-06-14
Site A,麦克风,19,2024-06-15
Site A,麦克风,19,2024-06-16
Site A,麦克风,19,2024-06-17
Site A,麦克风,19,2024-06-18
Site A,麦克风,19,2024-06-19
Site A,麦克风,19,2024-06-20
Site A,麦克风,19,2024-06-21
Site A,麦克风,19,2024-06-22
Site A,麦克风,19,2024-06-23
Site A,麦克风,19,2024-06-24
Site A,麦克风,19,2024-06-25
Site A,麦克风,19,2024-06-26
Site A,麦克风,19,2024-06-27
Site A,麦克风,19,2024-06-28
Site A,麦克风,19,2024-06-29
Site A,麦克风,19,2024-06-30
Site A,麦克风,27,2024-07-01
Site A,麦克风,27,2024-07-02
Site A,麦克风,27,2024-07-03
Site A,麦克风,27,2024-07-04
Site A,麦克风,27,2024-07-05
Site A,麦克风,27,2024-07-06
Site A,麦克风,27,2024-07-07
Site A,麦克风,27,2024-07-08
Site A,麦克风,27,2024-07-09
Site A,麦克风,27,2024-07-10
Site A,麦克风,27,2024-07-11
Site A,麦克风,27,2024-07-12
Site A,麦克风,27,2024-07-13
Site A,麦克风,27,2024-07-14
Site A,麦克风,27,2024-07-15
Site A,麦克风,27,2024-07-16
Site A,麦克风,27,2024-07-17
Site A,麦克风,27,2024-07-18
Site A,麦克风,27,2024-07-19
Site A,麦克风,27,2024-07-20
Site A,麦克风,27,2024-07-21
Site A,麦克风,27,2024-07-22
Site A,麦克风,27,2024-07-23
Site A,麦克风,27,2024-07-24
Site A,麦克风,27,2024-07-25
Site A,麦克风,27,2024-07-26
Site A,麦克风,27,2024-07-27
Site A,麦克风,27,2024-07-28
Site A,麦克风,27,2024-07-29
Site A,麦克风,27,2024-07-30
Site A,耳机,20,2024-06-01
Site A,耳机,20,2024-06-02
Site A,耳机,20,2024-06-03
Site A,耳机,20,2024-06-04
Site A,耳机,20,2024-06-05
Site A,耳机,20,2024-06-06
Site A,耳机,20,2024-06-07
Site A,耳机,20,2024-06-08
Site A,耳机,20,2024-06-09
Site A,耳机,20,2024-06-10
Site A,耳机,20,2024-06-11
Site A,耳机,20,2024-06-12
Site A,耳机,20,2024-06-13
Site A,耳机,20,2024-06-14
Site A,耳机,20,2024-06-15
Site A,耳机,20,2024-06-16
Site A,耳机,20,2024-06-17
Site A,耳机,20,2024-06-18
Site A,耳机,20,2024-06-19
Site A,耳机,20,2024-06-20
Site A,耳机,20,2024-06-21
Site A,耳机,20,2024-06-22
Site A,耳机,20,2024-06-23
Site A,耳机,20,2024-06-24
Site A,耳机,20,2024-06-25
Site A,耳机,20,2024-06-26
Site A,耳机,20,2024-06-27
Site A,耳机,20,2024-06-28
Site A,耳机,20,2024-06-29
Site A,耳机,20,2024-06-30
Site A,耳机,20,2024-07-01
Site A,耳机,20,2024-07-02
Site A,耳机,20,2024-07-03
Site A,耳机,20,2024-07-04
Site A,耳机,20,2024-07-05
Site A,耳机,20,2024-07-06
Site A,耳机,20,2024-07-07
Site A,耳机,20,2024-07-08
Site A,耳机,20,2024-07-09
Site A,耳机,20,2024-07-10
Site A,耳机,20,2024-07-11
Site A,耳机,20,2024-07-12
Site A,耳机,20,2024-07-13
Site A,耳机,20,2024-07-14
Site A,耳机,20,2024-07-15
Site A,耳机,20,2024-07-16
Site A,耳机,20,2024-07-17
Site A,耳机,20,2024-07-18
Site A,耳机,20,2024-07-19
Site A,耳机,20,2024-07-20
Site A,耳机,20,2024-07-21
Site A,耳机,20,2024-07-22
Site A,耳机,20,2024-07-23
Site A,耳机,20,2024-07-24
Site A,耳机,20,2024-07-25
Site A,耳机,20,2024-07-26
Site A,耳机,20,2024-07-27
Site A,耳机,20,2024-07-28
Site A,耳机,20,2024-07-29
Site A,耳机,20,2024-07-30
Site A,平板,21,2024-06-01
Site A,平板,21,2024-06-02
Site A,平板,21,2024-06-03
Site A,平板,21,2024-06-04
Site A,平板,21,2024-06-05
Site A,平板,21,2024-06-06
Site A,平板,21,2024-06-07
Site A,平板,21,2024-06-08
Site A,平板,21,2024-06-09
Site A,平板,21,2024-06-10
Site A,平板,21,2024-06-11
Site A,平板,21,2024-06-12
Site A,平板,21,2024-06-13
Site A,平板,21,2024-06-14
Site A,平板,21,2024-06-15
Site A,平板,21,2024-06-16
Site A,平板,21,2024-06-17
Site A,平板,21,2024-06-18
Site A,平板,21,2024-06-19
Site A,平板,21,2024-06-20
Site A,平板,21,2024-06-21
Site A,平板,21,2024-06-22
Site A,平板,21,2024-06-23
Site A,平板,21,2024-06-24
Site A,平板,21,2024-06-25
Site A,平板,21,2024-06-26
Site A,平板,21,2024-06-27
Site A,平板,21,2024-06-28
Site A,平板,21,2024-06-29
Site A,平板,21,2024-06-30
Site A,平板,21,2024-07-01
Site A,平板,21,2024-07-02
Site A,平板,21,2024-07-03
Site A,平板,21,2024-07-04
Site A,平板,21,2024-07-05
Site A,平板,21,2024-07-06
Site A,平板,21,2024-07-07
Site A,平板,21,2024-07-08
Site A,平板,21,2024-07-09
Site A,平板,21,2024-07-10
Site A,平板,21,2024-07-11
Site A,平板,21,2024-07-12
Site A,平板,21,2024-07-13
Site A,平板,21,2024-07-14
Site A,平板,21,2024-07-15
Site A,平板,21,2024-07-16
Site A,平板,21,2024-07-17
Site A,平板,21,2024-07-18
Site A,平板,21,2024-07-19
Site A,平板,21,2024-07-20
Site A,平板,21,2024-07-21
Site A,平板,21,2024-07-22
Site A,平板,21,2024-07-23
Site A,平板,21,2024-07-24
Site A,平板,21,2024-07-25
Site A,平板,21,2024-07-26
Site A,平板,21,2024-07-27
Site A,平板,21,2024-07-28
Site A,平板,21,2024-07-29
Site A,平板,21,2024-07-30
Site A,手机壳,22,2024-06-01
Site A,手机壳,22,2024-06-02
Site A,手机壳,22,2024-06-03
Site A,手机壳,22,2024-06-04
Site A,手机壳,22,2024-06-05
Site A,手机壳,22,2024-06-06
Site A,手机壳,22,2024-06-07
Site A,手机壳,22,2024-06-08
Site A,手机壳,22,2024-06-09
Site A,手机壳,22,2024-06-10
Site A,手机壳,22,2024-06-11
Site A,手机壳,22,2024-06-12
Site A,手机壳,22,2024-06-13
Site A,手机壳,22,2024-06-14
Site A,手机壳,22,2024-06-15
Site A,手机壳,22,2024-06-16
Site A,手机壳,22,2024-06-17
Site A,手机壳,22,2024-06-18
Site A,手机壳,22,2024-06-19
Site A,手机壳,22,2024-06-20
Site A,手机壳,22,2024-06-21
Site A,手机壳,22,2024-06-22
Site A,手机壳,22,2024-06-23
Site A,手机壳,22,2024-06-24
Site A,手机壳,22,2024-06-25
Site A,手机壳,22,2024-06-26
Site A,手机壳,22,2024-06-27
Site A,手机壳,22,2024-06-28
Site A,手机壳,22,2024-06-29
Site A,手机壳,22,2024-06-30
Site A,手机壳,22,2024-07-01
Site A,手机壳,22,2024-07-02
Site A,手机壳,22,2024-07-03
Site A,手机壳,22,2024-07-04
Site A,手机壳,22,2024-07-05
Site A,手机壳,22,2024-07-06
Site A,手机壳,22,2024-07-07
Site A,手机壳,22,2024-07-08
Site A,手机壳,22,2024-07-09
Site A,手机壳,22,2024-07-10
Site A,手机壳,22,2024-07-11
Site A,手机壳,22,2024-07-12
Site A,手机壳,22,2024-07-13
Site A,手机壳,22,2024-07-14
Site A,手机壳,22,2024-07-15
Site A,手机壳,22,2024-07-16
Site A,手机壳,22,2024-07-17
Site A,手机壳,22,2024-07-18
Site A,手机壳,22,2024-07-19
Site A,手机壳,22,2024-07-20
Site A,手机壳,22,2024-07-21
Site A,手机壳,22,2024-07-22
Site A,手机壳,22,2024-07-23
Site A,手机壳,22,2024-07-24
Site A,手机壳,22,2024-07-25
Site A,手机壳,22,2024-07-26
Site A,手机壳,22,2024-07-27
Site A,手机壳,22,2024-07-28
Site A,手机壳,22,2024-07-29
Site A,手机壳,22,2024-07-30
Site A,数据线,23,2024-06-01
Site A,数据线,23,2024-06-02
Site A,数据线,23,2024-06-03
Site A,数据线,23,2024-06-04
Site A,数据线,23,2024-06-05
Site A,数据线,23,2024-06-06
Site A,数据线,23,2024-06-07
Site A,数据线,23,2024-06-08
Site A,数据线,23,2024-06-09
Site A,数据线,23,2024-06-10
Site A,数据线,23,2024-06-11
Site A,数据线,23,2024-06-12
Site A,数据线,23,2024-06-13
Site A,数据线,23,2024-06-14
Site A,数据线,23,2024-06-15
Site A,数据线,23,2024-06-16
Site A,数据线,23,2024-06-17
Site A,数据线,23,2024-06-18
Site A,数据线,23,2024-06-19
Site A,数据线,23,2024-06-20
Site A,数据线,23,2024-06-21
Site A,数据线,23,2024-06-22
Site A,数据线,23,2024-06-23
Site A,数据线,23,2024-06-24
Site A,数据线,23,2024-06-25
Site A,数据线,23,2024-06-26
Site A,数据线,23,2024-06-27
Site A,数据线,23,2024-06-28
Site A,数据线,23,2024-06-29
Site A,数据线,23,2024-06-30
Site A,数据线,23,2024-07-01
Site A,数据线,23,2024-07-02
Site A,数据线,23,2024-07-03
Site A,数据线,23,2024-07-04
Site A,数据线,23,2024-07-05
Site A,数据线,23,2024-07-06
Site A,数据线,23,2024-07-07
Site A,数据线,23,2024-07-08
Site A,数据线,23,2024-07-09
Site A,数据线,23,2024-07-10
Site A,数据线,23,2024-07-11
Site A,数据线,23,2024-07-12
Site A,数据线,23,2024-07-13
Site A,数据线,23,2024-07-14
Site A,数据线,23,2024-07-15
Site A,数据线,23,2024-07-16
Site A,数据线,23,2024-07-17
Site A,数据线,23,2024-07-18
Site A,数据线,23,2024-07-19
Site A,数据线,23,2024-07-20
Site A,数据线,23,2024-07-21
Site A,数据线,23,2024-07-22
Site A,数据线,23,2024-07-23
Site A,数据线,23,2024-07-24
Site A,数据线,23,2024-07-25
Site A,数据线,23,2024-07-26
Site A,数据线,23,2024-07-27
Site A,数据线,23,2024-07-28
Site A,数据线,23,2024-07-29
Site A,数据线,23,2024-07-30
Site A,充电器,24,2024-06-01
Site A,充电器,24,2024-06-02
Site A,充电器,24,2024-06-03
Site A,充电器,24,2024-06-04
Site A,充电器,24,2024-06-05
Site A,充电器,24,2024-06-06
Site A,充电器,24,2024-06-07
Site A,充电器,24,2024-06-08
Site A,充电器,24,2024-06-09
Site A,充电器,24,2024-06-10
Site A,充电器,24,2024-06-11
Site A,充电器,24,2024-06-12
Site A,充电器,24,2024-06-13
Site A,充电器,24,2024-06-14
Site A,充电器,24,2024-06-15
Site A,充电器,24,2024-06-16
Site A,充电器,24,2024-06-17
Site A,充电器,24,2024-06-18
Site A,充电器,24,2024-06-19
Site A,充电器,24,2024-06-20
Site A,充电器,24,2024-06-21
Site A,充电器,24,2024-06-22
Site A,充电器,24,2024-06-23
Site A,充电器,24,2024-06-24
Site A,充电器,24,2024-06-25
Site A,充电器,24,2024-06-26
Site A,充电器,24,2024-06-27
Site A,充电器,24,2024-06-28
Site A,充电器,24,2024-06-29
Site A,充电器,24,2024-06-30
Site A,充电器,24,2024-07-01
Site A,充电器,24,2024-07-02
Site A,充电器,24,2024-07-03
Site A,充电器,24,2024-07-04
Site A,充电器,24,2024-07-05
Site A,充电器,24,2024-07-06
Site A,充电器,24,2024-07-07
Site A,充电器,24,2024-07-08
Site A,充电器,24,2024-07-09
Site A,充电器,24,2024-07-10
Site A,充电器,24,2024-07-11
Site A,充电器,24,2024-07-12
Site A,充电器,24,2024-07-13
Site A,充电器,24,2024-07-14
Site A,充电器,24,2024-07-15
Site A,充电器,24,2024-07-16
Site A,充电器,24,2024-07-17
Site A,充电器,24,2024-07-18
Site A,充电器,24,2024-07-19
Site A,充电器,24,2024-07-20
Site A,充电器,24,2024-07-21
Site A,充电器,24,2024-07-22
Site A,充电器,24,2024-07-23
Site A,充电器,24,2024-07-24
Site A,充电器,24,2024-07-25
Site A,充电器,24,2024-07-26
Site A,充电器,24,2024-07-27
Site A,充电器,24,2024-07-28
Site A,充电器,24,2024-07-29
Site A,充电器,24,2024-07-30
Site A,投影仪,5,2024-06-01
Site A,投影仪,5,2024-06-02
Site A,投影仪,5,2024-06-03
Site A,投影仪,5,2024-06-04
Site A,投影仪,5,2024-06-05
Site A,投影仪,5,2024-06-06
Site A,投影仪,5,2024-06-07
Site A,投影仪,5,2024-06-08
Site A,投影仪,5,2024-06-09
Site A,投影仪,5,2024-06-10
Site A,投影仪,5,2024-06-11
Site A,投影仪,5,2024-06-12
Site A,投影仪,5,2024-06-13
Site A,投影仪,5,2024-06-14
Site A,投影仪,5,2024-06-15
Site A,投影仪,5,2024-06-16
Site A,投影仪,5,2024-06-17
Site A,投影仪,5,2024-06-18
Site A,投影仪,5,2024-06-19
Site A,投影仪,5,2024-06-20
Site A,投影仪,5,2024-06-21
Site A,投影仪,5,2024-06-22
Site A,投影仪,5,2024-06-23
Site A,投影仪,5,2024-06-24
Site A,投影仪,5,2024-06-25
Site A,投影仪,5,2024-06-26
Site A,投影仪,5,2024-06-27
Site A,投影仪,5,2024-06-28
Site A,投影仪,5,2024-06-29
Site A,投影仪,5,2024-06-30
Site A,投影仪,5,2024-07-01
Site A,投影仪,5,2024-07-02
Site A,投影仪,5,2024-07-03
Site A,投影仪,5,2024-07-04
Site A,投影仪,5,2024-07-05
Site A,投影仪,5,2024-07-06
Site A,投影仪,5,2024-07-07
Site A,投影仪,5,2024-07-08
Site A,投影仪,5,2024-07-09
Site A,投影仪,5,2024-07-10
Site A,投影仪,5,2024-07-11
Site A,投影仪,5,2024-07-12
Site A,投影仪,5,2024-07-13
Site A,投影仪,5,2024-07-14
Site A,投影仪,5,2024-07-15
Site A,投影仪,5,2024-07-16
Site A,投影仪,5,2024-07-17
Site A,投影仪,5,2024-07-18
Site A,投影仪,5,2024-07-19
Site A,投影仪,5,2024-07-20
Site A,投影仪,5,2024-07-21
Site A,投影仪,5,2024-07-22
Site A,投影仪,5,2024-07-23
Site A,投影仪,5,2024-07-24
Site A,投影仪,5,2024-07-25
Site A,投影仪,5,2024-07-26
Site A,投影仪,5,2024-07-27
Site A,投影仪,5,2024-07-28
Site A,投影仪,5,2024-07-29
Site A,投影仪,5,2024-07-30
Site A,扫描仪,6,2024-06-01
Site A,扫描仪,6,2024-06-02
Site A,扫描仪,6,2024-06-03
Site A,扫描仪,6,2024-06-04
Site A,扫描仪,6,2024-06-05
Site A,扫描仪,6,2024-06-06
Site A,扫描仪,6,2024-06-07
Site A,扫描仪,6,2024-06-08
Site A,扫描仪,6,2024-06-09
Site A,扫描仪,6,2024-06-10
Site A,扫描仪,6,2024-06-11
Site A,扫描仪,6,2024-06-12
Site A,扫描仪,6,2024-06-13
Site A,扫描仪,6,2024-06-14
Site A,扫描仪,6,2024-06-15
Site A,扫描仪,6,2024-06-16
Site A,扫描仪,6,2024-06-17
Site A,扫描仪,6,2024-06-18
Site A,扫描仪,6,2024-06-19
Site A,扫描仪,6,2024-06-20
Site A,扫描仪,6,2024-06-21
Site A,扫描仪,6,2024-06-22
Site A,扫描仪,6,2024-06-23
Site A,扫描仪,6,2024-06-24
Site A,扫描仪,6,2024-06-25
Site A,扫描仪,6,2024-06-26
Site A,扫描仪,6,2024-06-27
Site A,扫描仪,6,2024-06-28
Site A,扫描仪,6,2024-06-29
Site A,扫描仪,6,2024-06-30
Site A,扫描仪,6,2024-07-01
Site A,扫描仪,6,2024-07-02
Site A,扫描仪,6,2024-07-03
Site A,扫描仪,6,2024-07-04
Site A,扫描仪,6,2024-07-05
Site A,扫描仪,6,2024-07-06
Site A,扫描仪,6,2024-07-07
Site A,扫描仪,6,2024-07-08
Site A,扫描仪,6,2024-07-09
Site A,扫描仪,6,2024-07-10
Site A,扫描仪,6,2024-07-11
Site A,扫描仪,6,2024-07-12
Site A,扫描仪,6,2024-07-13
Site A,扫描仪,6,2024-07-14
Site A,扫描仪,6,2024-07-15
Site A,扫描仪,6,2024-07-16
Site A,扫描仪,6,2024-07-17
Site A,扫描仪,6,2024-07-18
Site A,扫描仪,6,2024-07-19
Site A,扫描仪,6,2024-07-20
Site A,扫描仪,6,2024-07-21
Site A,扫描仪,6,2024-07-22
Site A,扫描仪,6,2024-07-23
Site A,扫描仪,6,2024-07-24
Site A,扫描仪,6,2024-07-25
Site A,扫描仪,6,2024-07-26
Site A,扫描仪,6,2024-07-27
Site A,扫描仪,6,2024-07-28
Site A,扫描仪,6,2024-07-29
Site A,扫描仪,6,2024-07-30
Site A,碎纸机,7,2024-06-01
Site A,碎纸机,7,2024-06-02
Site A,碎纸机,7,2024-06-03
Site A,碎纸机,7,2024-06-04
Site A,碎纸机,7,2024-06-05
Site A,碎纸机,7,2024-06-06
Site A,碎纸机,7,2024-06-07
Site A,碎纸机,7,2024-06-08
Site A,碎纸机,7,2024-06-09
Site A,碎纸机,7,2024-06-10
Site A,碎纸机,7,2024-06-11
Site A,碎纸机,7,2024-06-12
Site A,碎纸机,7,2024-06-13
Site A,碎纸机,7,2024-06-14
Site A,碎纸机,7,2024-06-15
Site A,碎纸机,7,2024-06-16
Site A,碎纸机,7,2024-06-17
Site A,碎纸机,7,2024-06-18
Site A,碎纸机,7,2024-06-19
Site A,碎纸机,7,2024-06-20
Site A,碎纸机,7,2024-06-21
Site A,碎纸机,7,2024-06-22
Site A,碎纸机,7,2024-06-23
Site A,碎纸机,7,2024-06-24
Site A,碎纸机,7,2024-06-25
Site A,碎纸机,7,2024-06-26
Site A,碎纸机,7,2024-06-27
Site A,碎纸机,7,2024-06-28
Site A,碎纸机,7,2024-06-29
Site A,碎纸机,7,2024-06-30
Site A,碎纸机,7,2024-07-01
Site A,碎纸机,7,2024-07-02
Site A,碎纸机,7,2024-07-03
Site A,碎纸机,7,2024-07-04
Site A,碎纸机,7,2024-07-05
Site A,碎纸机,7,2024-07-06
Site A,碎纸机,7,2024-07-07
Site A,碎纸机,7,2024-07-08
Site A,碎纸机,7,2024-07-09
Site A,碎纸机,7,2024-07-10
Site A,碎纸机,7,2024-07-11
Site A,碎纸机,7,2024-07-12
Site A,碎纸机,7,2024-07-13
Site A,碎纸机,7,2024-07-14
Site A,碎纸机,7,2024-07-15
Site A,碎纸机,7,2024-07-16
Site A,碎纸机,7,2024-07-17
Site A,碎纸机,7,2024-07-18
Site A,碎纸机,7,2024-07-19
Site A,碎纸机,7,2024-07-20
Site A,碎纸机,7,2024-07-21
Site A,碎纸机,7,2024-07-22
Site A,碎纸机,7,2024-07-23
Site A,碎纸机,7,2024-07-24
Site A,碎纸机,7,2024-07-25
Site A,碎纸机,7,2024-07-26
Site A,碎纸机,7,2024-07-27
Site A,碎纸机,7,2024-07-28
Site A,碎纸机,7,2024-07-29
Site A,碎纸机,7,2024-07-30
Site A,订书机,8,2024-06-01
Site A,订书机,8,2024-06-02
Site A,订书机,8,2024-06-03
Site A,订书机,8,2024-06-04
Site A,订书机,8,2024-06-05
Site A,订书机,8,2024-06-06
Site A,订书机,8,2024-06-07
Site A,订书机,8,2024-06-08
Site A,订书机,8,2024-06-09
Site A,订书机,8,2024-06-10
Site A,订书机,8,2024-06-11
Site A,订书机,8,2024-06-12
Site A,订书机,8,2024-06-13
Site A,订书机,8,2024-06-14
Site A,订书机,8,2024-06-15
Site A,订书机,8,2024-06-16
Site A,订书机,8,2024-06-17
Site A,订书机,8,2024-06-18
Site A,订书机,8,2024-06-19
Site A,订书机,8,2024-06-20
Site A,订书机,8,2024-06-21
Site A,订书机,8,2024-06-22
Site A,订书机,8,2024-06-23
Site A,订书机,8,2024-06-24
Site A,订书机,8,2024-06-25
Site A,订书机,8,2024-06-26
Site A,订书机,8,2024-06-27
Site A,订书机,8,2024-06-28
Site A,订书机,8,2024-06-29
Site A,订书机,8,2024-06-30
Site A,订书机,8,2024-07-01
Site A,订书机,8,2024-07-02
Site A,订书机,8,2024-07-03
Site A,订书机,8,2024-07-04
Site A,订书机,8,2024-07-05
Site A,订书机,8,2024-07-06
Site A,订书机,8,2024-07-07
Site A,订书机,8,2024-07-08
Site A,订书机,8,2024-07-09
Site A,订书机,8,2024-07-10
Site A,订书机,8,2024-07-11
Site A,订书机,8,2024-07-12
Site A,订书机,8,2024-07-13
Site A,订书机,8,2024-07-14
Site A,订书机,8,2024-07-15
Site A,订书机,8,2024-07-16
Site A,订书机,8,2024-07-17
Site A,订书机,8,2024-07-18
Site A,订书机,8,2024-07-19
Site A,订书机,8,2024-07-20
Site A,订书机,8,2024-07-21
Site A,订书机,8,2024-07-22
Site A,订书机,8,2024-07-23
Site A,订书机,8,2024-07-24
Site A,订书机,8,2024-07-25
Site A,订书机,8,2024-07-26
Site A,订书机,8,2024-07-27
Site A,订书机,8,2024-07-28
Site A,订书机,8,2024-07-29
Site A,订书机,8,2024-07-30
Site A,文件柜,9,2024-06-01
Site A,文件柜,9,2024-06-02
Site A,文件柜,9,2024-06-03
Site A,文件柜,9,2024-06-04
Site A,文件柜,9,2024-06-05
Site A,文件柜,9,2024-06-06
Site A,文件柜,9,2024-06-07
Site A,文件柜,9,2024-06-08
Site A,文件柜,9,2024-06-09
Site A,文件柜,9,2024-06-10
Site A,文件柜,9,2024-06-11
Site A,文件柜,9,2024-06-12
Site A,文件柜,9,2024-06-13
Site A,文件柜,9,2024-06-14
Site A,文件柜,9,2024-06-15
Site A,文件柜,9,2024-06-16
Site A,文件柜,9,2024-06-17
Site A,文件柜,9,2024-06-18
Site A,文件柜,9,2024-06-19
Site A,文件柜,9,2024-06-20
Site A,文件柜,9,2024-06-21
Site A,文件柜,9,2024-06-22
Site A,文件柜,9,2024-06-23
Site A,文件柜,9,2024-06-24
Site A,文件柜,9,2024-06-25
Site A,文件柜,9,2024-06-26
Site A,文件柜,9,2024-06-27
Site A,文件柜,9,2024-06-28
Site A,文件柜,9,2024-06-29
Site A,文件柜,9,2024-06-30
Site A,文件柜,9,2024-07-01
Site A,文件柜,9,2024-07-02
Site A,文件柜,9,2024-07-03
Site A,文件柜,9,2024-07-04
Site A,文件柜,9,2024-07-05
Site A,文件柜,9,2024-07-06
Site A,文件柜,9,2024-07-07
Site A,文件柜,9,2024-07-08
Site A,文件柜,9,2024-07-09
Site A,文件柜,9,2024-07-10
Site A,文件柜,9,2024-07-11
Site A,文件柜,9,2024-07-12
Site A,文件柜,9,2024-07-13
Site A,文件柜,9,2024-07-14
Site A,文件柜,9,2024-07-15
Site A,文件柜,9,2024-07-16
Site A,文件柜,9,2024-07-17
Site A,文件柜,9,2024-07-18
Site A,文件柜,9,2024-07-19
Site A,文件柜,9,2024-07-20
Site A,文件柜,9,2024-07-21
Site A,文件柜,9,2024-07-22
Site A,文件柜,9,2024-07-23
Site A,文件柜,9,2024-07-24
Site A,文件柜,9,2024-07-25
Site A,文件柜,9,2024-07-26
Site A,文件柜,9,2024-07-27
Site A,文件柜,9,2024-07-28
Site A,文件柜,9,2024-07-29
Site A,文件柜,9,2024-07-30
Site A,白板,10,2024-06-01
Site A,白板,10,2024-06-02
Site A,白板,10,2024-06-03
Site A,白板,10,2024-06-04
Site A,白板,10,2024-06-05
Site A,白板,10,2024-06-06
Site A,白板,10,2024-06-07
Site A,白板,10,2024-06-08
Site A,白板,10,2024-06-09
Site A,白板,10,2024-06-10
Site A,白板,10,2024-06-11
Site A,白板,10,2024-06-12
Site A,白板,10,2024-06-13
Site A,白板,10,2024-06-14
Site A,白板,10,2024-06-15
Site A,白板,10,2024-06-16
Site A,白板,10,2024-06-17
Site A,白板,10,2024-06-18
Site A,白板,10,2024-06-19
Site A,白板,10,2024-06-20
Site A,白板,10,2024-06-21
Site A,白板,10,2024-06-22
Site A,白板,10,2024-06-23
Site A,白板,10,2024-06-24
Site A,白板,10,2024-06-25
Site A,白板,10,2024-06-26
Site A,白板,10,2024-06-27
Site A,白板,10,2024-06-28
Site A,白板,10,2024-06-29
Site A,白板,10,2024-06-30
Site A,白板,10,2024-07-01
Site A,白板,10,2024-07-02
Site A,白板,10,2024-07-03
Site A,白板,10,2024-07-04
Site A,白板,10,2024-07-05
Site A,白板,10,2024-07-06
Site A,白板,10,2024-07-07
Site A,白板,10,2024-07-08
Site A,白板,10,2024-07-09
Site A,白板,10,2024-07-10
Site A,白板,10,2024-07-11
Site A,白板,10,2024-07-12
Site A,白板,10,2024-07-13
Site A,白板,10,2024-07-14
Site A,白板,10,2024-07-15
Site A,白板,10,2024-07-16
Site A,白板,10,2024-07-17
Site A,白板,10,2024-07-18
Site A,白板,10,2024-07-19
Site A,白板,10,2024-07-20
Site A,白板,10,2024-07-21
Site A,白板,10,2024-07-22
Site A,白板,10,2024-07-23
Site A,白板,10,2024-07-24
Site A,白板,10,2024-07-25
Site A,白板,10,2024-07-26
Site A,白板,10,2024-07-27
Site A,白板,10,2024-07-28
Site A,白板,10,2024-07-29
Site A,白板,10,2024-07-30
Site A,会议系统,11,2024-06-01
Site A,会议系统,11,2024-06-02
Site A,会议系统,11,2024-06-03
Site A,会议系统,11,2024-06-04
Site A,会议系统,11,2024-06-05
Site A,会议系统,11,2024-06-06
Site A,会议系统,11,2024-06-07
Site A,会议系统,11,2024-06-08
Site A,会议系统,11,2024-06-09
Site A,会议系统,11,2024-06-10
Site A,会议系统,11,2024-06-11
Site A,会议系统,11,2024-06-12
Site A,会议系统,11,2024-06-13
Site A,会议系统,11,2024-06-14
Site A,会议系统,11,2024-06-15
Site A,会议系统,11,2024-06-16
Site A,会议系统,11,2024-06-17
Site A,会议系统,11,2024-06-18
Site A,会议系统,11,2024-06-19
Site A,会议系统,11,2024-06-20
Site A,会议系统,11,2024-06-21
Site A,会议系统,11,2024-06-22
Site A,会议系统,11,2024-06-23
Site A,会议系统,11,2024-06-24
Site A,会议系统,11,2024-06-25
Site A,会议系统,11,2024-06-26
Site A,会议系统,11,2024-06-27
Site A,会议系统,11,2024-06-28
Site A,会议系统,11,2024-06-29
Site A,会议系统,11,2024-06-30
Site A,会议系统,11,2024-07-01
Site A,会议系统,11,2024-07-02
Site A,会议系统,11,2024-07-03
Site A,会议系统,11,2024-07-04
Site A,会议系统,11,2024-07-05
Site A,会议系统,11,2024-07-06
Site A,会议系统,11,2024-07-07
Site A,会议系统,11,2024-07-08
Site A,会议系统,11,2024-07-09
Site A,会议系统,11,2024-07-10
Site A,会议系统,11,2024-07-11
Site A,会议系统,11,2024-07-12
Site A,会议系统,11,2024-07-13
Site A,会议系统,11,2024-07-14
Site A,会议系统,11,2024-07-15
Site A,会议系统,11,2024-07-16
Site A,会议系统,11,2024-07-17
Site A,会议系统,11,2024-07-18
Site A,会议系统,11,2024-07-19
Site A,会议系统,11,2024-07-20
Site A,会议系统,11,2024-07-21
Site A,会议系统,11,2024-07-22
Site A,会议系统,11,2024-07-23
Site A,会议系统,11,2024-07-24
Site A,会议系统,11,2024-07-25
Site A,会议系统,11,2024-07-26
Site A,会议系统,11,2024-07-27
Site A,会议系统,11,2024-07-28
Site A,会议系统,11,2024-07-29
Site A,会议系统,11,2024-07-30
Site A,网络交换机,12,2024-06-01
Site A,网络交换机,12,2024-06-02
Site A,网络交换机,12,2024-06-03
Site A,网络交换机,12,2024-06-04
Site A,网络交换机,12,2024-06-05
Site A,网络交换机,12,2024-06-06
Site A,网络交换机,12,2024-06-07
Site A,网络交换机,12,2024-06-08
Site A,网络交换机,12,2024-06-09
Site A,网络交换机,12,2024-06-10
Site A,网络交换机,12,2024-06-11
Site A,网络交换机,12,2024-06-12
Site A,网络交换机,12,2024-06-13
Site A,网络交换机,12,2024-06-14
Site A,网络交换机,12,2024-06-15
Site A,网络交换机,12,2024-06-16
Site A,网络交换机,12,2024-06-17
Site A,网络交换机,12,2024-06-18
Site A,网络交换机,12,2024-06-19
Site A,网络交换机,12,2024-06-20
Site A,网络交换机,12,2024-06-21
Site A,网络交换机,12,2024-06-22
Site A,网络交换机,12,2024-06-23
Site A,网络交换机,12,2024-06-24
Site A,网络交换机,12,2024-06-25
Site A,网络交换机,12,2024-06-26
Site A,网络交换机,12,2024-06-27
Site A,网络交换机,12,2024-06-28
Site A,网络交换机,12,2024-06-29
Site A,网络交换机,12,2024-06-30
Site A,网络交换机,12,2024-07-01
Site A,网络交换机,12,2024-07-02
Site A,网络交换机,12,2024-07-03
Site A,网络交换机,12,2024-07-04
Site A,网络交换机,12,2024-07-05
Site A,网络交换机,12,2024-07-06
Site A,网络交换机,12,2024-07-07
Site A,网络交换机,12,2024-07-08
Site A,网络交换机,12,2024-07-09
Site A,网络交换机,12,2024-07-10
Site A,网络交换机,12,2024-07-11
Site A,网络交换机,12,2024-07-12
Site A,网络交换机,12,2024-07-13
Site A,网络交换机,12,2024-07-14
Site A,网络交换机,12,2024-07-15
Site A,网络交换机,12,2024-07-16
Site A,网络交换机,12,2024-07-17
Site A,网络交换机,12,2024-07-18
Site A,网络交换机,12,2024-07-19
Site A,网络交换机,12,2024-07-20
Site A,网络交换机,12,2024-07-21
Site A,网络交换机,12,2024-07-22
Site A,网络交换机,12,2024-07-23
Site A,网络交换机,12,2024-07-24
Site A,网络交换机,12,2024-07-25
Site A,网络交换机,12,2024-07-26
Site A,网络交换机,12,2024-07-27
Site A,网络交换机,12,2024-07-28
Site A,网络交换机,12,2024-07-29
Site A,网络交换机,12,2024-07-30
Site A,防火墙,13,2024-06-01
Site A,防火墙,13,2024-06-02
Site A,防火墙,13,2024-06-03
Site A,防火墙,13,2024-06-04
Site A,防火墙,13,2024-06-05
Site A,防火墙,13,2024-06-06
Site A,防火墙,13,2024-06-07
Site A,防火墙,13,2024-06-08
Site A,防火墙,13,2024-06-09
Site A,防火墙,13,2024-06-10
Site A,防火墙,13,2024-06-11
Site A,防火墙,13,2024-06-12
Site A,防火墙,13,2024-06-13
Site A,防火墙,13,2024-06-14
Site A,防火墙,13,2024-06-15
Site A,防火墙,13,2024-06-16
Site A,防火墙,13,2024-06-17
Site A,防火墙,13,2024-06-18
Site A,防火墙,13,2024-06-19
Site A,防火墙,13,2024-06-20
Site A,防火墙,13,2024-06-21
Site A,防火墙,13,2024-06-22
Site A,防火墙,13,2024-06-23
Site A,防火墙,13,2024-06-24
Site A,防火墙,13,2024-06-25
Site A,防火墙,13,2024-06-26
Site A,防火墙,13,2024-06-27
Site A,防火墙,13,2024-06-28
Site A,防火墙,13,2024-06-29
Site A,防火墙,13,2024-06-30
Site A,防火墙,13,2024-07-01
Site A,防火墙,13,2024-07-02
Site A,防火墙,13,2024-07-03
Site A,防火墙,13,2024-07-04
Site A,防火墙,13,2024-07-05
Site A,防火墙,13,2024-07-06
Site A,防火墙,13,2024-07-07
Site A,防火墙,13,2024-07-08
Site A,防火墙,13,2024-07-09
Site A,防火墙,13,2024-07-10
Site A,防火墙,13,2024-07-11
Site A,防火墙,13,2024-07-12
Site A,防火墙,13,2024-07-13
Site A,防火墙,13,2024-07-14
Site A,防火墙,13,2024-07-15
Site A,防火墙,13,2024-07-16
Site A,防火墙,13,2024-07-17
Site A,防火墙,13,2024-07-18
Site A,防火墙,13,2024-07-19
Site A,防火墙,13,2024-07-20
Site A,防火墙,13,2024-07-21
Site A,防火墙,13,2024-07-22
Site A,防火墙,13,2024-07-23
Site A,防火墙,13,2024-07-24
Site A,防火墙,13,2024-07-25
Site A,防火墙,13,2024-07-26
Site A,防火墙,13,2024-07-27
Site A,防火墙,13,2024-07-28
Site A,防火墙,13,2024-07-29
Site A,防火墙,13,2024-07-30
Site A,服务器,14,2024-06-01
Site A,服务器,14,2024-06-02
Site A,服务器,14,2024-06-03
Site A,服务器,14,2024-06-04
Site A,服务器,14,2024-06-05
Site A,服务器,14,2024-06-06
Site A,服务器,14,2024-06-07
Site A,服务器,14,2024-06-08
Site A,服务器,14,2024-06-09
Site A,服务器,14,2024-06-10
Site A,服务器,14,2024-06-11
Site A,服务器,14,2024-06-12
Site A,服务器,14,2024-06-13
Site A,服务器,14,2024-06-14
Site A,服务器,14,2024-06-15
Site A,服务器,14,2024-06-16
Site A,服务器,14,2024-06-17
Site A,服务器,14,2024-06-18
Site A,服务器,14,2024-06-19
Site A,服务器,14,2024-06-20
Site A,服务器,14,2024-06-21
Site A,服务器,14,2024-06-22
Site A,服务器,14,2024-06-23
Site A,服务器,14,2024-06-24
Site A,服务器,14,2024-06-25
Site A,服务器,14,2024-06-26
Site A,服务器,14,2024-06-27
Site A,服务器,14,2024-06-28
Site A,服务器,14,2024-06-29
Site A,服务器,14,2024-06-30
Site A,服务器,14,2024-07-01
Site A,服务器,14,2024-07-02
Site A,服务器,14,2024-07-03
Site A,服务器,14,2024-07-04
Site A,服务器,14,2024-07-05
Site A,服务器,14,2024-07-06
Site A,服务器,14,2024-07-07
Site A,服务器,14,2024-07-08
Site A,服务器,14,2024-07-09
Site A,服务器,14,2024-07-10
Site A,服务器,14,2024-07-11
Site A,服务器,14,2024-07-12
Site A,服务器,14,2024-07-13
Site A,服务器,14,2024-07-14
Site A,服务器,14,2024-07-15
Site A,服务器,14,2024-07-16
Site A,服务器,14,2024-07-17
Site A,服务器,14,2024-07-18
Site A,服务器,14,2024-07-19
Site A,服务器,14,2024-07-20
Site A,服务器,14,2024-07-21
Site A,服务器,14,2024-07-22
Site A,服务器,14,2024-07-23
Site A,服务器,14,2024-07-24
Site A,服务器,14,2024-07-25
Site A,服务器,14,2024-07-26
Site A,服务器,14,2024-07-27
Site A,服务器,14,2024-07-28
Site A,服务器,14,2024-07-29
Site A,服务器,14,2024-07-30
Site A,云存储,15,2024-06-01
Site A,云存储,15,2024-06-02
Site A,云存储,15,2024-06-03
Site A,云存储,15,2024-06-04
Site A,云存储,15,2024-06-05
Site A,云存储,15,2024-06-06
Site A,云存储,15,2024-06-07
Site A,云存储,15,2024-06-08
Site A,云存储,15,2024-06-09
Site A,云存储,15,2024-06-10
Site A,云存储,15,2024-06-11
Site A,云存储,15,2024-06-12
Site A,云存储,15,2024-06-13
Site A,云存储,15,2024-06-14
Site A,云存储,15,2024-06-15
Site A,云存储,15,2024-06-16
Site A,云存储,15,2024-06-17
Site A,云存储,15,2024-06-18
Site A,云存储,15,2024-06-19
Site A,云存储,15,2024-06-20
Site A,云存储,15,2024-06-21
Site A,云存储,15,2024-06-22
Site A,云存储,15,2024-06-23
Site A,云存储,15,2024-06-24
Site A,云存储,15,2024-06-25
Site A,云存储,15,2024-06-26
Site A,云存储,15,2024-06-27
Site A,云存储,15,2024-06-28
Site A,云存储,15,2024-06-29
Site A,云存储,15,2024-06-30
Site A,云存储,15,2024-07-01
Site A,云存储,15,2024-07-02
Site A,云存储,15,2024-07-03
Site A,云存储,15,2024-07-04
Site A,云存储,15,2024-07-05
Site A,云存储,15,2024-07-06
Site A,云存储,15,2024-07-07
Site A,云存储,15,2024-07-08
Site A,云存储,15,2024-07-09
Site A,云存储,15,2024-07-10
Site A,云存储,15,2024-07-11
Site A,云存储,15,2024-07-12
Site A,云存储,15,2024-07-13
Site A,云存储,15,2024-07-14
Site A,云存储,15,2024-07-15
Site A,云存储,15,2024-07-16
Site A,云存储,15,2024-07-17
Site A,云存储,15,2024-07-18
Site A,云存储,15,2024-07-19
Site A,云存储,15,2024-07-20
Site A,云存储,15,2024-07-21
Site A,云存储,15,2024-07-22
Site A,云存储,15,2024-07-23
Site A,云存储,15,2024-07-24
Site A,云存储,15,2024-07-25
Site A,云存储,15,2024-07-26
Site A,云存储,15,2024-07-27
Site A,云存储,15,2024-07-28
Site A,云存储,15,2024-07-29
Site A,云存储,15,2024-07-30
Site A,备份软件,16,2024-06-01
Site A,备份软件,16,2024-06-02
Site A,备份软件,16,2024-06-03
Site A,备份软件,16,2024-06-04
Site A,备份软件,16,2024-06-05
Site A,备份软件,16,2024-06-06
Site A,备份软件,16,2024-06-07
Site A,备份软件,16,2024-06-08
Site A,备份软件,16,2024-06-09
Site A,备份软件,16,2024-06-10
Site A,备份软件,16,2024-06-11
Site A,备份软件,16,2024-06-12
Site A,备份软件,16,2024-06-13
Site A,备份软件,16,2024-06-14
Site A,备份软件,16,2024-06-15
Site A,备份软件,16,2024-06-16
Site A,备份软件,16,2024-06-17
Site A,备份软件,16,2024-06-18
Site A,备份软件,16,2024-06-19
Site A,备份软件,16,2024-06-20
Site A,备份软件,16,2024-06-21
Site A,备份软件,16,2024-06-22
Site A,备份软件,16,2024-06-23
Site A,备份软件,16,2024-06-24
Site A,备份软件,16,2024-06-25
Site A,备份软件,16,2024-06-26
Site A,备份软件,16,2024-06-27
Site A,备份软件,16,2024-06-28
Site A,备份软件,16,2024-06-29
Site A,备份软件,16,2024-06-30
Site A,备份软件,16,2024-07-01
Site A,备份软件,16,2024-07-02
Site A,备份软件,16,2024-07-03
Site A,备份软件,16,2024-07-04
Site A,备份软件,16,2024-07-05
Site A,备份软件,16,2024-07-06
Site A,备份软件,16,2024-07-07
Site A,备份软件,16,2024-07-08
Site A,备份软件,16,2024-07-09
Site A,备份软件,16,2024-07-10
Site A,备份软件,16,2024-07-11
Site A,备份软件,16,2024-07-12
Site A,备份软件,16,2024-07-13
Site A,备份软件,16,2024-07-14
Site A,备份软件,16,2024-07-15
Site A,备份软件,16,2024-07-16
Site A,备份软件,16,2024-07-17
Site A,备份软件,16,2024-07-18
Site A,备份软件,16,2024-07-19
Site A,备份软件,16,2024-07-20
Site A,备份软件,16,2024-07-21
Site A,备份软件,16,2024-07-22
Site A,备份软件,16,2024-07-23
Site A,备份软件,16,2024-07-24
Site A,备份软件,16,2024-07-25
Site A,备份软件,16,2024-07-26
Site A,备份软件,16,2024-07-27
Site A,备份软件,16,2024-07-28
Site A,备份软件,16,2024-07-29
Site A,备份软件,16,2024-07-30
Site A,杀毒软件,17,2024-06-01
Site A,杀毒软件,17,2024-06-02
Site A,杀毒软件,17,2024-06-03
Site A,杀毒软件,17,2024-06-04
Site A,杀毒软件,17,2024-06-05
Site A,杀毒软件,17,2024-06-06
Site A,杀毒软件,17,2024-06-07
Site A,杀毒软件,17,2024-06-08
Site A,杀毒软件,17,2024-06-09
Site A,杀毒软件,17,2024-06-10
Site A,杀毒软件,17,2024-06-11
Site A,杀毒软件,17,2024-06-12
Site A,杀毒软件,17,2024-06-13
Site A,杀毒软件,17,2024-06-14
Site A,杀毒软件,17,2024-06-15
Site A,杀毒软件,17,2024-06-16
Site A,杀毒软件,17,2024-06-17
Site A,杀毒软件,17,2024-06-18
Site A,杀毒软件,17,2024-06-19
Site A,杀毒软件,17,2024-06-20
Site A,杀毒软件,17,2024-06-21
Site A,杀毒软件,17,2024-06-22
Site A,杀毒软件,17,2024-06-23
Site A,杀毒软件,17,2024-06-24
Site A,杀毒软件,17,2024-06-25
Site A,杀毒软件,17,2024-06-26
Site A,杀毒软件,17,2024-06-27
Site A,杀毒软件,17,2024-06-28
Site A,杀毒软件,17,2024-06-29
Site A,杀毒软件,17,2024-06-30
Site A,杀毒软件,17,2024-07-01
Site A,杀毒软件,17,2024-07-02
Site A,杀毒软件,17,2024-07-03
Site A,杀毒软件,17,2024-07-04
Site A,杀毒软件,17,2024-07-05
Site A,杀毒软件,17,2024-07-06
Site A,杀毒软件,17,2024-07-07
Site A,杀毒软件,17,2024-07-08
Site A,杀毒软件,17,2024-07-09
Site A,杀毒软件,17,2024-07-10
Site A,杀毒软件,17,2024-07-11
Site A,杀毒软件,17,2024-07-12
Site A,杀毒软件,17,2024-07-13
Site A,杀毒软件,17,2024-07-14
Site A,杀毒软件,17,2024-07-15
Site A,杀毒软件,17,2024-07-16
Site A,杀毒软件,17,2024-07-17
Site A,杀毒软件,17,2024-07-18
Site A,杀毒软件,17,2024-07-19
Site A,杀毒软件,17,2024-07-20
Site A,杀毒软件,17,2024-07-21
Site A,杀毒软件,17,2024-07-22
Site A,杀毒软件,17,2024-07-23
Site A,杀毒软件,17,2024-07-24
Site A,杀毒软件,17,2024-07-25
Site A,杀毒软件,17,2024-07-26
Site A,杀毒软件,17,2024-07-27
Site A,杀毒软件,17,2024-07-28
Site A,杀毒软件,17,2024-07-29
Site A,杀毒软件,17,2024-07-30
Site A,CRM系统,18,2024-06-01
Site A,CRM系统,18,2024-06-02
Site A,CRM系统,18,2024-06-03
Site A,CRM系统,18,2024-06-04
Site A,CRM系统,18,2024-06-05
Site A,CRM系统,18,2024-06-06
Site A,CRM系统,18,2024-06-07
Site A,CRM系统,18,2024-06-08
Site A,CRM系统,18,2024-06-09
Site A,CRM系统,18,2024-06-10
Site A,CRM系统,18,2024-06-11
Site A,CRM系统,18,2024-06-12
Site A,CRM系统,18,2024-06-13
Site A,CRM系统,18,2024-06-14
Site A,CRM系统,18,2024-06-15
Site A,CRM系统,18,2024-06-16
Site A,CRM系统,18,2024-06-17
Site A,CRM系统,18,2024-06-18
Site A,CRM系统,18,2024-06-19
Site A,CRM系统,18,2024-06-20
Site A,CRM系统,18,2024-06-21
Site A,CRM系统,18,2024-06-22
Site A,CRM系统,18,2024-06-23
Site A,CRM系统,18,2024-06-24
Site A,CRM系统,18,2024-06-25
Site A,CRM系统,18,2024-06-26
Site A,CRM系统,18,2024-06-27
Site A,CRM系统,18,2024-06-28
Site A,CRM系统,18,2024-06-29
Site A,CRM系统,18,2024-06-30
Site A,CRM系统,18,2024-07-01
Site A,CRM系统,18,2024-07-02
Site A,CRM系统,18,2024-07-03
Site A,CRM系统,18,2024-07-04
Site A,CRM系统,18,2024-07-05
Site A,CRM系统,18,2024-07-06
Site A,CRM系统,18,2024-07-07
Site A,CRM系统,18,2024-07-08
Site A,CRM系统,18,2024-07-09
Site A,CRM系统,18,2024-07-10
Site A,CRM系统,18,2024-07-11
Site A,CRM系统,18,2024-07-12
Site A,CRM系统,18,2024-07-13
Site A,CRM系统,18,2024-07-14
Site A,CRM系统,18,2024-07-15
Site A,CRM系统,18,2024-07-16
Site A,CRM系统,18,2024-07-17
Site A,CRM系统,18,2024-07-18
Site A,CRM系统,18,2024-07-19
Site A,CRM系统,18,2024-07-20
Site A,CRM系统,18,2024-07-21
Site A,CRM系统,18,2024-07-22
Site A,CRM系统,18,2024-07-23
Site A,CRM系统,18,2024-07-24
Site A,CRM系统,18,2024-07-25
Site A,CRM系统,18,2024-07-26
Site A,CRM系统,18,2024-07-27
Site A,CRM系统,18,2024-07-28
Site A,CRM系统,18,2024-07-29
Site A,CRM系统,18,2024-07-30
Site A,ERP系统,19,2024-06-01
Site A,ERP系统,19,2024-06-02
Site A,ERP系统,19,2024-06-03
Site A,ERP系统,19,2024-06-04
Site A,ERP系统,19,2024-06-05
Site A,ERP系统,19,2024-06-06
Site A,ERP系统,19,2024-06-07
Site A,ERP系统,19,2024-06-08
Site A,ERP系统,19,2024-06-09
Site A,ERP系统,19,2024-06-10
Site A,ERP系统,19,2024-06-11
Site A,ERP系统,19,2024-06-12
Site A,ERP系统,19,2024-06-13
Site A,ERP系统,19,2024-06-14
Site A,ERP系统,19,2024-06-15
Site A,ERP系统,19,2024-06-16
Site A,ERP系统,19,2024-06-17
Site A,ERP系统,19,2024-06-18
Site A,ERP系统,19,2024-06-19
Site A,ERP系统,19,2024-06-20
Site A,ERP系统,19,2024-06-21
Site A,ERP系统,19,2024-06-22
Site A,ERP系统,19,2024-06-23
Site A,ERP系统,19,2024-06-24
Site A,ERP系统,19,2024-06-25
Site A,ERP系统,19,2024-06-26
Site A,ERP系统,19,2024-06-27
Site A,ERP系统,19,2024-06-28
Site A,ERP系统,19,2024-06-29
Site A,ERP系统,19,2024-06-30
Site A,ERP系统,19,2024-07-01
Site A,ERP系统,19,2024-07-02
Site A,ERP系统,19,2024-07-03
Site A,ERP系统,19,2024-07-04
Site A,ERP系统,19,2024-07-05
Site A,ERP系统,19,2024-07-06
Site A,ERP系统,19,2024-07-07
Site A,ERP系统,19,2024-07-08
Site A,ERP系统,19,2024-07-09
Site A,ERP系统,19,2024-07-10
Site A,ERP系统,19,2024-07-11
Site A,ERP系统,19,2024-07-12
Site A,ERP系统,19,2024-07-13
Site A,ERP系统,19,2024-07-14
Site A,ERP系统,19,2024-07-15
Site A,ERP系统,19,2024-07-16
Site A,ERP系统,19,2024-07-17
Site A,ERP系统,19,2024-07-18
Site A,ERP系统,19,2024-07-19
Site A,ERP系统,19,2024-07-20
Site A,ERP系统,19,2024-07-21
Site A,ERP系统,19,2024-07-22
Site A,ERP系统,19,2024-07-23
Site A,ERP系统,19,2024-07-24
Site A,ERP系统,19,2024-07-25
Site A,ERP系统,19,2024-07-26
Site A,ERP系统,19,2024-07-27
Site A,ERP系统,19,2024-07-28
Site A,ERP系统,19,2024-07-29
Site A,ERP系统,19,2024-07-30
Site A,数据分析,20,2024-06-01
Site A,数据分析,20,2024-06-02
Site A,数据分析,20,2024-06-03
Site A,数据分析,20,2024-06-04
Site A,数据分析,20,2024-06-05
Site A,数据分析,20,2024-06-06
Site A,数据分析,20,2024-06-07
Site A,数据分析,20,2024-06-08
Site A,数据分析,20,2024-06-09
Site A,数据分析,20,2024-06-10
Site A,数据分析,20,2024-06-11
Site A,数据分析,20,2024-06-12
Site A,数据分析,20,2024-06-13
Site A,数据分析,20,2024-06-14
Site A,数据分析,20,2024-06-15
Site A,数据分析,20,2024-06-16
Site A,数据分析,20,2024-06-17
Site A,数据分析,20,2024-06-18
Site A,数据分析,20,2024-06-19
Site A,数据分析,20,2024-06-20
Site A,数据分析,20,2024-06-21
Site A,数据分析,20,2024-06-22
Site A,数据分析,20,2024-06-23
Site A,数据分析,20,2024-06-24
Site A,数据分析,20,2024-06-25
Site A,数据分析,20,2024-06-26
Site A,数据分析,20,2024-06-27
Site A,数据分析,20,2024-06-28
Site A,数据分析,20,2024-06-29
Site A,数据分析,20,2024-06-30
Site A,数据分析,20,2024-07-01
Site A,数据分析,20,2024-07-02
Site A,数据分析,20,2024-07-03
Site A,数据分析,20,2024-07-04
Site A,数据分析,20,2024-07-05
Site A,数据分析,20,2024-07-06
Site A,数据分析,20,2024-07-07
Site A,数据分析,20,2024-07-08
Site A,数据分析,20,2024-07-09
Site A,数据分析,20,2024-07-10
Site A,数据分析,20,2024-07-11
Site A,数据分析,20,2024-07-12
Site A,数据分析,20,2024-07-13
Site A,数据分析,20,2024-07-14
Site A,数据分析,20,2024-07-15
Site A,数据分析,20,2024-07-16
Site A,数据分析,20,2024-07-17
Site A,数据分析,20,2024-07-18
Site A,数据分析,20,2024-07-19
Site A,数据分析,20,2024-07-20
Site A,数据分析,20,2024-07-21
Site A,数据分析,20,2024-07-22
Site A,数据分析,20,2024-07-23
Site A,数据分析,20,2024-07-24
Site A,数据分析,20,2024-07-25
Site A,数据分析,20,2024-07-26
Site A,数据分析,20,2024-07-27
Site A,数据分析,20,2024-07-28
Site A,数据分析,20,2024-07-29
Site A,数据分析,20,2024-07-30
Site A,SEO优化,21,2024-06-01
Site A,SEO优化,21,2024-06-02
Site A,SEO优化,21,2024-06-03
Site A,SEO优化,21,2024-06-04
Site A,SEO优化,21,2024-06-05
Site A,SEO优化,21,2024-06-06
Site A,SEO优化,21,2024-06-07
Site A,SEO优化,21,2024-06-08
Site A,SEO优化,21,2024-06-09
Site A,SEO优化,21,2024-06-10
Site A,SEO优化,21,2024-06-11
Site A,SEO优化,21,2024-06-12
Site A,SEO优化,21,2024-06-13
Site A,SEO优化,21,2024-06-14
Site A,SEO优化,21,2024-06-15
Site A,SEO优化,21,2024-06-16
Site A,SEO优化,21,2024-06-17
Site A,SEO优化,21,2024-06-18
Site A,SEO优化,21,2024-06-19
Site A,SEO优化,21,2024-06-20
Site A,SEO优化,21,2024-06-21
Site A,SEO优化,21,2024-06-22
Site A,SEO优化,21,2024-06-23
Site A,SEO优化,21,2024-06-24
Site A,SEO优化,21,2024-06-25
Site A,SEO优化,21,2024-06-26
Site A,SEO优化,21,2024-06-27
Site A,SEO优化,21,2024-06-28
Site A,SEO优化,21,2024-06-29
Site A,SEO优化,21,2024-06-30
Site A,SEO优化,21,2024-07-01
Site A,SEO优化,21,2024-07-02
Site A,SEO优化,21,2024-07-03
Site A,SEO优化,21,2024-07-04
Site A,SEO优化,21,2024-07-05
Site A,SEO优化,21,2024-07-06
Site A,SEO优化,21,2024-07-07
Site A,SEO优化,21,2024-07-08
Site A,SEO优化,21,2024-07-09
Site A,SEO优化,21,2024-07-10
Site A,SEO优化,21,2024-07-11
Site A,SEO优化,21,2024-07-12
Site A,SEO优化,21,2024-07-13
Site A,SEO优化,21,2024-07-14
Site A,SEO优化,21,2024-07-15
Site A,SEO优化,21,2024-07-16
Site A,SEO优化,21,2024-07-17
Site A,SEO优化,21,2024-07-18
Site A,SEO优化,21,2024-07-19
Site A,SEO优化,21,2024-07-20
Site A,SEO优化,21,2024-07-21
Site A,SEO优化,21,2024-07-22
Site A,SEO优化,21,2024-07-23
Site A,SEO优化,21,2024-07-24
Site A,SEO优化,21,2024-07-25
Site A,SEO优化,21,2024-07-26
Site A,SEO优化,21,2024-07-27
Site A,SEO优化,21,2024-07-28
Site A,SEO优化,21,2024-07-29
Site A,SEO优化,21,2024-07-30
Site A,内容营销,22,2024-06-01
Site A,内容营销,22,2024-06-02
Site A,内容营销,22,2024-06-03
Site A,内容营销,22,2024-06-04
Site A,内容营销,22,2024-06-05
Site A,内容营销,22,2024-06-06
Site A,内容营销,22,2024-06-07
Site A,内容营销,22,2024-06-08
Site A,内容营销,22,2024-06-09
Site A,内容营销,22,2024-06-10
Site A,内容营销,22,2024-06-11
Site A,内容营销,22,2024-06-12
Site A,内容营销,22,2024-06-13
Site A,内容营销,22,2024-06-14
Site A,内容营销,22,2024-06-15
Site A,内容营销,22,2024-06-16
Site A,内容营销,22,2024-06-17
Site A,内容营销,22,2024-06-18
Site A,内容营销,22,2024-06-19
Site A,内容营销,22,2024-06-20
Site A,内容营销,22,2024-06-21
Site A,内容营销,22,2024-06-22
Site A,内容营销,22,2024-06-23
Site A,内容营销,22,2024-06-24
Site A,内容营销,22,2024-06-25
Site A,内容营销,22,2024-06-26
Site A,内容营销,22,2024-06-27
Site A,内容营销,22,2024-06-28
Site A,内容营销,22,2024-06-29
Site A,内容营销,22,2024-06-30
Site A,内容营销,22,2024-07-01
Site A,内容营销,22,2024-07-02
Site A,内容营销,22,2024-07-03
Site A,内容营销,22,2024-07-04
Site A,内容营销,22,2024-07-05
Site A,内容营销,22,2024-07-06
Site A,内容营销,22,2024-07-07
Site A,内容营销,22,2024-07-08
Site A,内容营销,22,2024-07-09
Site A,内容营销,22,2024-07-10
Site A,内容营销,22,2024-07-11
Site A,内容营销,22,2024-07-12
Site A,内容营销,22,2024-07-13
Site A,内容营销,22,2024-07-14
Site A,内容营销,22,2024-07-15
Site A,内容营销,22,2024-07-16
Site A,内容营销,22,2024-07-17
Site A,内容营销,22,2024-07-18
Site A,内容营销,22,2024-07-19
Site A,内容营销,22,2024-07-20
Site A,内容营销,22,2024-07-21
Site A,内容营销,22,2024-07-22
Site A,内容营销,22,2024-07-23
Site A,内容营销,22,2024-07-24
Site A,内容营销,22,2024-07-25
Site A,内容营销,22,2024-07-26
Site A,内容营销,22,2024-07-27
Site A,内容营销,22,2024-07-28
Site A,内容营销,22,2024-07-29
Site A,内容营销,22,2024-07-30
Site A,社交媒体,23,2024-06-01
Site A,社交媒体,23,2024-06-02
Site A,社交媒体,23,2024-06-03
Site A,社交媒体,23,2024-06-04
Site A,社交媒体,23,2024-06-05
Site A,社交媒体,23,2024-06-06
Site A,社交媒体,23,2024-06-07
Site A,社交媒体,23,2024-06-08
Site A,社交媒体,23,2024-06-09
Site A,社交媒体,23,2024-06-10
Site A,社交媒体,23,2024-06-11
Site A,社交媒体,23,2024-06-12
Site A,社交媒体,23,2024-06-13
Site A,社交媒体,23,2024-06-14
Site A,社交媒体,23,2024-06-15
Site A,社交媒体,23,2024-06-16
Site A,社交媒体,23,2024-06-17
Site A,社交媒体,23,2024-06-18
Site A,社交媒体,23,2024-06-19
Site A,社交媒体,23,2024-06-20
Site A,社交媒体,23,2024-06-21
Site A,社交媒体,23,2024-06-22
Site A,社交媒体,23,2024-06-23
Site A,社交媒体,23,2024-06-24
Site A,社交媒体,23,2024-06-25
Site A,社交媒体,23,2024-06-26
Site A,社交媒体,23,2024-06-27
Site A,社交媒体,23,2024-06-28
Site A,社交媒体,23,2024-06-29
Site A,社交媒体,23,2024-06-30
Site A,社交媒体,23,2024-07-01
Site A,社交媒体,23,2024-07-02
Site A,社交媒体,23,2024-07-03
Site A,社交媒体,23,2024-07-04
Site A,社交媒体,23,2024-07-05
Site A,社交媒体,23,2024-07-06
Site A,社交媒体,23,2024-07-07
Site A,社交媒体,23,2024-07-08
Site A,社交媒体,23,2024-07-09
Site A,社交媒体,23,2024-07-10
Site A,社交媒体,23,2024-07-11
Site A,社交媒体,23,2024-07-12
Site A,社交媒体,23,2024-07-13
Site A,社交媒体,23,2024-07-14
Site A,社交媒体,23,2024-07-15
Site A,社交媒体,23,2024-07-16
Site A,社交媒体,23,2024-07-17
Site A,社交媒体,23,2024-07-18
Site A,社交媒体,23,2024-07-19
Site A,社交媒体,23,2024-07-20
Site A,社交媒体,23,2024-07-21
Site A,社交媒体,23,2024-07-22
Site A,社交媒体,23,2024-07-23
Site A,社交媒体,23,2024-07-24
Site A,社交媒体,23,2024-07-25
Site A,社交媒体,23,2024-07-26
Site A,社交媒体,23,2024-07-27
Site A,社交媒体,23,2024-07-28
Site A,社交媒体,23,2024-07-29
Site A,社交媒体,23,2024-07-30
Site A,电子邮件营销,24,2024-06-01
Site A,电子邮件营销,24,2024-06-02
Site A,电子邮件营销,24,2024-06-03
Site A,电子邮件营销,24,2024-06-04
Site A,电子邮件营销,24,2024-06-05
Site A,电子邮件营销,24,2024-06-06
Site A,电子邮件营销,24,2024-06-07
Site A,电子邮件营销,24,2024-06-08
Site A,电子邮件营销,24,2024-06-09
Site A,电子邮件营销,24,2024-06-10
Site A,电子邮件营销,24,2024-06-11
Site A,电子邮件营销,24,2024-06-12
Site A,电子邮件营销,24,2024-06-13
Site A,电子邮件营销,24,2024-06-14
Site A,电子邮件营销,24,2024-06-15
Site A,电子邮件营销,24,2024-06-16
Site A,电子邮件营销,24,2024-06-17
Site A,电子邮件营销,24,2024-06-18
Site A,电子邮件营销,24,2024-06-19
Site A,电子邮件营销,24,2024-06-20
Site A,电子邮件营销,24,2024-06-21
Site A,电子邮件营销,24,2024-06-22
Site A,电子邮件营销,24,2024-06-23
Site A,电子邮件营销,24,2024-06-24
Site A,电子邮件营销,24,2024-06-25
Site A,电子邮件营销,24,2024-06-26
Site A,电子邮件营销,24,2024-06-27
Site A,电子邮件营销,24,2024-06-28
Site A,电子邮件营销,24,2024-06-29
Site A,电子邮件营销,24,2024-06-30
Site A,电子邮件营销,24,2024-07-01
Site A,电子邮件营销,24,2024-07-02
Site A,电子邮件营销,24,2024-07-03
Site A,电子邮件营销,24,2024-07-04
Site A,电子邮件营销,24,2024-07-05
Site A,电子邮件营销,24,2024-07-06
Site A,电子邮件营销,24,2024-07-07
Site A,电子邮件营销,24,2024-07-08
Site A,电子邮件营销,24,2024-07-09
Site A,电子邮件营销,24,2024-07-10
Site A,电子邮件营销,24,2024-07-11
Site A,电子邮件营销,24,2024-07-12
Site A,电子邮件营销,24,2024-07-13
Site A,电子邮件营销,24,2024-07-14
Site A,电子邮件营销,24,2024-07-15
Site A,电子邮件营销,24,2024-07-16
Site A,电子邮件营销,24,2024-07-17
Site A,电子邮件营销,24,2024-07-18
Site A,电子邮件营销,24,2024-07-19
Site A,电子邮件营销,24,2024-07-20
Site A,电子邮件营销,24,2024-07-21
Site A,电子邮件营销,24,2024-07-22
Site A,电子邮件营销,24,2024-07-23
Site A,电子邮件营销,24,2024-07-24
Site A,电子邮件营销,24,2024-07-25
Site A,电子邮件营销,24,2024-07-26
Site A,电子邮件营销,24,2024-07-27
Site A,电子邮件营销,24,2024-07-28
Site A,电子邮件营销,24,2024-07-29
Site A,电子邮件营销,24,2024-07-30
Site A,转化率优化,5,2024-06-01
Site A,转化率优化,5,2024-06-02
Site A,转化率优化,5,2024-06-03
Site A,转化率优化,5,2024-06-04
Site A,转化率优化,5,2024-06-05
Site A,转化率优化,5,2024-06-06
Site A,转化率优化,5,2024-06-07
Site A,转化率优化,5,2024-06-08
Site A,转化率优化,5,2024-06-09
Site A,转化率优化,5,2024-06-10
Site A,转化率优化,5,2024-06-11
Site A,转化率优化,5,2024-06-12
Site A,转化率优化,5,2024-06-13
Site A,转化率优化,5,2024-06-14
Site A,转化率优化,5,2024-06-15
Site A,转化率优化,5,2024-06-16
Site A,转化率优化,5,2024-06-17
Site A,转化率优化,5,2024-06-18
Site A,转化率优化,5,2024-06-19
Site A,转化率优化,5,2024-06-20
Site A,转化率优化,5,2024-06-21
Site A,转化率优化,5,2024-06-22
Site A,转化率优化,5,2024-06-23
Site A,转化率优化,5,2024-06-24
Site A,转化率优化,5,2024-06-25
Site A,转化率优化,5,2024-06-26
Site A,转化率优化,5,2024-06-27
Site A,转化率优化,5,2024-06-28
Site A,转化率优化,5,2024-06-29
Site A,转化率优化,5,2024-06-30
Site A,转化率优化,5,2024-07-01
Site A,转化率优化,5,2024-07-02
Site A,转化率优化,5,2024-07-03
Site A,转化率优化,5,2024-07-04
Site A,转化率优化,5,2024-07-05
Site A,转化率优化,5,2024-07-06
Site A,转化率优化,5,2024-07-07
Site A,转化率优化,5,2024-07-08
Site A,转化率优化,5,2024-07-09
Site A,转化率优化,5,2024-07-10
Site A,转化率优化,5,2024-07-11
Site A,转化率优化,5,2024-07-12
Site A,转化率优化,5,2024-07-13
Site A,转化率优化,5,2024-07-14
Site A,转化率优化,5,2024-07-15
Site A,转化率优化,5,2024-07-16
Site A,转化率优化,5,2024-07-17
Site A,转化率优化,5,2024-07-18
Site A,转化率优化,5,2024-07-19
Site A,转化率优化,5,2024-07-20
Site A,转化率优化,5,2024-07-21
Site A,转化率优化,5,2024-07-22
Site A,转化率优化,5,2024-07-23
Site A,转化率优化,5,2024-07-24
Site A,转化率优化,5,2024-07-25
Site A,转化率优化,5,2024-07-26
Site A,转化率优化,5,2024-07-27
Site A,转化率优化,5,2024-07-28
Site A,转化率优化,5,2024-07-29
Site A,转化率优化,5,2024-07-30
Site A,用户体验,6,2024-06-01
Site A,用户体验,6,2024-06-02
Site A,用户体验,6,2024-06-03
Site A,用户体验,6,2024-06-04
Site A,用户体验,6,2024-06-05
Site A,用户体验,6,2024-06-06
Site A,用户体验,6,2024-06-07
Site A,用户体验,6,2024-06-08
Site A,用户体验,6,2024-06-09
Site A,用户体验,6,2024-06-10
Site A,用户体验,6,2024-06-11
Site A,用户体验,6,2024-06-12
Site A,用户体验,6,2024-06-13
Site A,用户体验,6,2024-06-14
Site A,用户体验,6,2024-06-15
Site A,用户体验,6,2024-06-16
Site A,用户体验,6,2024-06-17
Site A,用户体验,6,2024-06-18
Site A,用户体验,6,2024-06-19
Site A,用户体验,6,2024-06-20
Site A,用户体验,6,2024-06-21
Site A,用户体验,6,2024-06-22
Site A,用户体验,6,2024-06-23
Site A,用户体验,6,2024-06-24
Site A,用户体验,6,2024-06-25
Site A,用户体验,6,2024-06-26
Site A,用户体验,6,2024-06-27
Site A,用户体验,6,2024-06-28
Site A,用户体验,6,2024-06-29
Site A,用户体验,6,2024-06-30
Site A,用户体验,6,2024-07-01
Site A,用户体验,6,2024-07-02
Site A,用户体验,6,2024-07-03
Site A,用户体验,6,2024-07-04
Site A,用户体验,6,2024-07-05
Site A,用户体验,6,2024-07-06
Site A,用户体验,6,2024-07-07
Site A,用户体验,6,2024-07-08
Site A,用户体验,6,2024-07-09
Site A,用户体验,6,2024-07-10
Site A,用户体验,6,2024-07-11
Site A,用户体验,6,2024-07-12
Site A,用户体验,6,2024-07-13
Site A,用户体验,6,2024-07-14
Site A,用户体验,6,2024-07-15
Site A,用户体验,6,2024-07-16
Site A,用户体验,6,2024-07-17
Site A,用户体验,6,2024-07-18
Site A,用户体验,6,2024-07-19
Site A,用户体验,6,2024-07-20
Site A,用户体验,6,2024-07-21
Site A,用户体验,6,2024-07-22
Site A,用户体验,6,2024-07-23
Site A,用户体验,6,2024-07-24
Site A,用户体验,6,2024-07-25
Site A,用户体验,6,2024-07-26
Site A,用户体验,6,2024-07-27
Site A,用户体验,6,2024-07-28
Site A,用户体验,6,2024-07-29
Site A,用户体验,6,2024-07-30
Site A,页面速度,7,2024-06-01
Site A,页面速度,7,2024-06-02
Site A,页面速度,7,2024-06-03
Site A,页面速度,7,2024-06-04
Site A,页面速度,7,2024-06-05
Site A,页面速度,7,2024-06-06
Site A,页面速度,7,2024-06-07
Site A,页面速度,7,2024-06-08
Site A,页面速度,7,2024-06-09
Site A,页面速度,7,2024-06-10
Site A,页面速度,7,2024-06-11
Site A,页面速度,7,2024-06-12
Site A,页面速度,7,2024-06-13
Site A,页面速度,7,2024-06-14
Site A,页面速度,7,2024-06-15
Site A,页面速度,7,2024-06-16
Site A,页面速度,7,2024-06-17
Site A,页面速度,7,2024-06-18
Site A,页面速度,7,2024-06-19
Site A,页面速度,7,2024-06-20
Site A,页面速度,7,2024-06-21
Site A,页面速度,7,2024-06-22
Site A,页面速度,7,2024-06-23
Site A,页面速度,7,2024-06-24
Site A,页面速度,7,2024-06-25
Site A,页面速度,7,2024-06-26
Site A,页面速度,7,2024-06-27
Site A,页面速度,7,2024-06-28
Site A,页面速度,7,2024-06-29
Site A,页面速度,7,2024-06-30
Site A,页面速度,7,2024-07-01
Site A,页面速度,7,2024-07-02
Site A,页面速度,7,2024-07-03
Site A,页面速度,7,2024-07-04
Site A,页面速度,7,2024-07-05
Site A,页面速度,7,2024-07-06
Site A,页面速度,7,2024-07-07
Site A,页面速度,7,2024-07-08
Site A,页面速度,7,2024-07-09
Site A,页面速度,7,2024-07-10
Site A,页面速度,7,2024-07-11
Site A,页面速度,7,2024-07-12
Site A,页面速度,7,2024-07-13
Site A,页面速度,7,2024-07-14
Site A,页面速度,7,2024-07-15
Site A,页面速度,7,2024-07-16
Site A,页面速度,7,2024-07-17
Site A,页面速度,7,2024-07-18
Site A,页面速度,7,2024-07-19
Site A,页面速度,7,2024-07-20
Site A,页面速度,7,2024-07-21
Site A,页面速度,7,2024-07-22
Site A,页面速度,7,2024-07-23
Site A,页面速度,7,2024-07-24
Site A,页面速度,7,2024-07-25
Site A,页面速度,7,2024-07-26
Site A,页面速度,7,2024-07-27
Site A,页面速度,7,2024-07-28
Site A,页面速度,7,2024-07-29
Site A,页面速度,7,2024-07-30
Site A,移动端适配,8,2024-06-01
Site A,移动端适配,8,2024-06-02
Site A,移动端适配,8,2024-06-03
Site A,移动端适配,8,2024-06-04
Site A,移动端适配,8,2024-06-05
Site A,移动端适配,8,2024-06-06
Site A,移动端适配,8,2024-06-07
Site A,移动端适配,8,2024-06-08
Site A,移动端适配,8,2024-06-09
Site A,移动端适配,8,2024-06-10
Site A,移动端适配,8,2024-06-11
Site A,移动端适配,8,2024-06-12
Site A,移动端适配,8,2024-06-13
Site A,移动端适配,8,2024-06-14
Site A,移动端适配,8,2024-06-15
Site A,移动端适配,8,2024-06-16
Site A,移动端适配,8,2024-06-17
Site A,移动端适配,8,2024-06-18
Site A,移动端适配,8,2024-06-19
Site A,移动端适配,8,2024-06-20
Site A,移动端适配,8,2024-06-21
Site A,移动端适配,8,2024-06-22
Site A,移动端适配,8,2024-06-23
Site A,移动端适配,8,2024-06-24
Site A,移动端适配,8,2024-06-25
Site A,移动端适配,8,2024-06-26
Site A,移动端适配,8,2024-06-27
Site A,移动端适配,8,2024-06-28
Site A,移动端适配,8,2024-06-29
Site A,移动端适配,8,2024-06-30
Site A,移动端适配,8,2024-07-01
Site A,移动端适配,8,2024-07-02
Site A,移动端适配,8,2024-07-03
Site A,移动端适配,8,2024-07-04
Site A,移动端适配,8,2024-07-05
Site A,移动端适配,8,2024-07-06
Site A,移动端适配,8,2024-07-07
Site A,移动端适配,8,2024-07-08
Site A,移动端适配,8,2024-07-09
Site A,移动端适配,8,2024-07-10
Site A,移动端适配,8,2024-07-11
Site A,移动端适配,8,2024-07-12
Site A,移动端适配,8,2024-07-13
Site A,移动端适配,8,2024-07-14
Site A,移动端适配,8,2024-07-15
Site A,移动端适配,8,2024-07-16
Site A,移动端适配,8,2024-07-17
Site A,移动端适配,8,2024-07-18
Site A,移动端适配,8,2024-07-19
Site A,移动端适配,8,2024-07-20
Site A,移动端适配,8,2024-07-21
Site A,移动端适配,8,2024-07-22
Site A,移动端适配,8,2024-07-23
Site A,移动端适配,8,2024-07-24
Site A,移动端适配,8,2024-07-25
Site A,移动端适配,8,2024-07-26
Site A,移动端适配,8,2024-07-27
Site A,移动端适配,8,2024-07-28
Site A,移动端适配,8,2024-07-29
Site A,移动端适配,8,2024-07-30
Site A,结构化数据,9,2024-06-01
Site A,结构化数据,9,2024-06-02
Site A,结构化数据,9,2024-06-03
Site A,结构化数据,9,2024-06-04
Site A,结构化数据,9,2024-06-05
Site A,结构化数据,9,2024-06-06
Site A,结构化数据,9,2024-06-07
Site A,结构化数据,9,2024-06-08
Site A,结构化数据,9,2024-06-09
Site A,结构化数据,9,2024-06-10
Site A,结构化数据,9,2024-06-11
Site A,结构化数据,9,2024-06-12
Site A,结构化数据,9,2024-06-13
Site A,结构化数据,9,2024-06-14
Site A,结构化数据,9,2024-06-15
Site A,结构化数据,9,2024-06-16
Site A,结构化数据,9,2024-06-17
Site A,结构化数据,9,2024-06-18
Site A,结构化数据,9,2024-06-19
Site A,结构化数据,9,2024-06-20
Site A,结构化数据,9,2024-06-21
Site A,结构化数据,9,2024-06-22
Site A,结构化数据,9,2024-06-23
Site A,结构化数据,9,2024-06-24
Site A,结构化数据,9,2024-06-25
Site A,结构化数据,9,2024-06-26
Site A,结构化数据,9,2024-06-27
Site A,结构化数据,9,2024-06-28
Site A,结构化数据,9,2024-06-29
Site A,结构化数据,9,2024-06-30
Site A,结构化数据,9,2024-07-01
Site A,结构化数据,9,2024-07-02
Site A,结构化数据,9,2024-07-03
Site A,结构化数据,9,2024-07-04
Site A,结构化数据,9,2024-07-05
Site A,结构化数据,9,2024-07-06
Site A,结构化数据,9,2024-07-07
Site A,结构化数据,9,2024-07-08
Site A,结构化数据,9,2024-07-09
Site A,结构化数据,9,2024-07-10
Site A,结构化数据,9,2024-07-11
Site A,结构化数据,9,2024-07-12
Site A,结构化数据,9,2024-07-13
Site A,结构化数据,9,2024-07-14
Site A,结构化数据,9,2024-07-15
Site A,结构化数据,9,2024-07-16
Site A,结构化数据,9,2024-07-17
Site A,结构化数据,9,2024-07-18
Site A,结构化数据,9,2024-07-19
Site A,结构化数据,9,2024-07-20
Site A,结构化数据,9,2024-07-21
Site A,结构化数据,9,2024-07-22
Site A,结构化数据,9,2024-07-23
Site A,结构化数据,9,2024-07-24
Site A,结构化数据,9,2024-07-25
Site A,结构化数据,9,2024-07-26
Site A,结构化数据,9,2024-07-27
Site A,结构化数据,9,2024-07-28
Site A,结构化数据,9,2024-07-29
Site A,结构化数据,9,2024-07-30
Site A,外链建设,10,2024-06-01
Site A,外链建设,10,2024-06-02
Site A,外链建设,10,2024-06-03
Site A,外链建设,10,2024-06-04
Site A,外链建设,10,2024-06-05
Site A,外链建设,10,2024-06-06
Site A,外链建设,10,2024-06-07
Site A,外链建设,10,2024-06-08
Site A,外链建设,10,2024-06-09
Site A,外链建设,10,2024-06-10
Site A,外链建设,10,2024-06-11
Site A,外链建设,10,2024-06-12
Site A,外链建设,10,2024-06-13
Site A,外链建设,10,2024-06-14
Site A,外链建设,10,2024-06-15
Site A,外链建设,10,2024-06-16
Site A,外链建设,10,2024-06-17
Site A,外链建设,10,2024-06-18
Site A,外链建设,10,2024-06-19
Site A,外链建设,10,2024-06-20
Site A,外链建设,10,2024-06-21
Site A,外链建设,10,2024-06-22
Site A,外链建设,10,2024-06-23
Site A,外链建设,10,2024-06-24
Site A,外链建设,10,2024-06-25
Site A,外链建设,10,2024-06-26
Site A,外链建设,10,2024-06-27
Site A,外链建设,10,2024-06-28
Site A,外链建设,10,2024-06-29
Site A,外链建设,10,2024-06-30
Site A,外链建设,10,2024-07-01
Site A,外链建设,10,2024-07-02
Site A,外链建设,10,2024-07-03
Site A,外链建设,10,2024-07-04
Site A,外链建设,10,2024-07-05
Site A,外链建设,10,2024-07-06
Site A,外链建设,10,2024-07-07
Site A,外链建设,10,2024-07-08
Site A,外链建设,10,2024-07-09
Site A,外链建设,10,2024-07-10
Site A,外链建设,10,2024-07-11
Site A,外链建设,10,2024-07-12
Site A,外链建设,10,2024-07-13
Site A,外链建设,10,2024-07-14
Site A,外链建设,10,2024-07-15
Site A,外链建设,10,2024-07-16
Site A,外链建设,10,2024-07-17
Site A,外链建设,10,2024-07-18
Site A,外链建设,10,2024-07-19
Site A,外链建设,10,2024-07-20
Site A,外链建设,10,2024-07-21
Site A,外链建设,10,2024-07-22
Site A,外链建设,10,2024-07-23
Site A,外链建设,10,2024-07-24
Site A,外链建设,10,2024-07-25
Site A,外链建设,10,2024-07-26
Site A,外链建设,10,2024-07-27
Site A,外链建设,10,2024-07-28
Site A,外链建设,10,2024-07-29
Site A,外链建设,10,2024-07-30
Site A,关键词研究,11,2024-06-01
Site A,关键词研究,11,2024-06-02
Site A,关键词研究,11,2024-06-03
Site A,关键词研究,11,2024-06-04
Site A,关键词研究,11,2024-06-05
Site A,关键词研究,11,2024-06-06
Site A,关键词研究,11,2024-06-07
Site A,关键词研究,11,2024-06-08
Site A,关键词研究,11,2024-06-09
Site A,关键词研究,11,2024-06-10
Site A,关键词研究,11,2024-06-11
Site A,关键词研究,11,2024-06-12
Site A,关键词研究,11,2024-06-13
Site A,关键词研究,11,2024-06-14
Site A,关键词研究,11,2024-06-15
Site A,关键词研究,11,2024-06-16
Site A,关键词研究,11,2024-06-17
Site A,关键词研究,11,2024-06-18
Site A,关键词研究,11,2024-06-19
Site A,关键词研究,11,2024-06-20
Site A,关键词研究,11,2024-06-21
Site A,关键词研究,11,2024-06-22
Site A,关键词研究,11,2024-06-23
Site A,关键词研究,11,2024-06-24
Site A,关键词研究,11,2024-06-25
Site A,关键词研究,11,2024-06-26
Site A,关键词研究,11,2024-06-27
Site A,关键词研究,11,2024-06-28
Site A,关键词研究,11,2024-06-29
Site A,关键词研究,11,2024-06-30
Site A,关键词研究,11,2024-07-01
Site A,关键词研究,11,2024-07-02
Site A,关键词研究,11,2024-07-03
Site A,关键词研究,11,2024-07-04
Site A,关键词研究,11,2024-07-05
Site A,关键词研究,11,2024-07-06
Site A,关键词研究,11,2024-07-07
Site A,关键词研究,11,2024-07-08
Site A,关键词研究,11,2024-07-09
Site A,关键词研究,11,2024-07-10
Site A,关键词研究,11,2024-07-11
Site A,关键词研究,11,2024-07-12
Site A,关键词研究,11,2024-07-13
Site A,关键词研究,11,2024-07-14
Site A,关键词研究,11,2024-07-15
Site A,关键词研究,11,2024-07-16
Site A,关键词研究,11,2024-07-17
Site A,关键词研究,11,2024-07-18
Site A,关键词研究,11,2024-07-19
Site A,关键词研究,11,2024-07-20
Site A,关键词研究,11,2024-07-21
Site A,关键词研究,11,2024-07-22
Site A,关键词研究,11,2024-07-23
Site A,关键词研究,11,2024-07-24
Site A,关键词研究,11,2024-07-25
Site A,关键词研究,11,2024-07-26
Site A,关键词研究,11,2024-07-27
Site A,关键词研究,11,2024-07-28
Site A,关键词研究,11,2024-07-29
Site A,关键词研究,11,2024-07-30
Site A,竞争对手分析,12,2024-06-01
Site A,竞争对手分析,12,2024-06-02
Site A,竞争对手分析,12,2024-06-03
Site A,竞争对手分析,12,2024-06-04
Site A,竞争对手分析,12,2024-06-05
Site A,竞争对手分析,12,2024-06-06
Site A,竞争对手分析,12,2024-06-07
Site A,竞争对手分析,12,2024-06-08
Site A,竞争对手分析,12,2024-06-09
Site A,竞争对手分析,12,2024-06-10
Site A,竞争对手分析,12,2024-06-11
Site A,竞争对手分析,12,2024-06-12
Site A,竞争对手分析,12,2024-06-13
Site A,竞争对手分析,12,2024-06-14
Site A,竞争对手分析,12,2024-06-15
Site A,竞争对手分析,12,2024-06-16
Site A,竞争对手分析,12,2024-06-17
Site A,竞争对手分析,12,2024-06-18
Site A,竞争对手分析,12,2024-06-19
Site A,竞争对手分析,12,2024-06-20
Site A,竞争对手分析,12,2024-06-21
Site A,竞争对手分析,12,2024-06-22
Site A,竞争对手分析,12,2024-06-23
Site A,竞争对手分析,12,2024-06-24
Site A,竞争对手分析,12,2024-06-25
Site A,竞争对手分析,12,2024-06-26
Site A,竞争对手分析,12,2024-06-27
Site A,竞争对手分析,12,2024-06-28
Site A,竞争对手分析,12,2024-06-29
Site A,竞争对手分析,12,2024-06-30
Site A,竞争对手分析,12,2024-07-01
Site A,竞争对手分析,12,2024-07-02
Site A,竞争对手分析,12,2024-07-03
Site A,竞争对手分析,12,2024-07-04
Site A,竞争对手分析,12,2024-07-05
Site A,竞争对手分析,12,2024-07-06
Site A,竞争对手分析,12,2024-07-07
Site A,竞争对手分析,12,2024-07-08
Site A,竞争对手分析,12,2024-07-09
Site A,竞争对手分析,12,2024-07-10
Site A,竞争对手分析,12,2024-07-11
Site A,竞争对手分析,12,2024-07-12
Site A,竞争对手分析,12,2024-07-13
Site A,竞争对手分析,12,2024-07-14
Site A,竞争对手分析,12,2024-07-15
Site A,竞争对手分析,12,2024-07-16
Site A,竞争对手分析,12,2024-07-17
Site A,竞争对手分析,12,2024-07-18
Site A,竞争对手分析,12,2024-07-19
Site A,竞争对手分析,12,2024-07-20
Site A,竞争对手分析,12,2024-07-21
Site A,竞争对手分析,12,2024-07-22
Site A,竞争对手分析,12,2024-07-23
Site A,竞争对手分析,12,2024-07-24
Site A,竞争对手分析,12,2024-07-25
Site A,竞争对手分析,12,2024-07-26
Site A,竞争对手分析,12,2024-07-27
Site A,竞争对手分析,12,2024-07-28
Site A,竞争对手分析,12,2024-07-29
Site A,竞争对手分析,12,2024-07-30
Site A,网站审计,13,2024-06-01
Site A,网站审计,13,2024-06-02
Site A,网站审计,13,2024-06-03
Site A,网站审计,13,2024-06-04
Site A,网站审计,13,2024-06-05
Site A,网站审计,13,2024-06-06
Site A,网站审计,13,2024-06-07
Site A,网站审计,13,2024-06-08
Site A,网站审计,13,2024-06-09
Site A,网站审计,13,2024-06-10
Site A,网站审计,13,2024-06-11
Site A,网站审计,13,2024-06-12
Site A,网站审计,13,2024-06-13
Site A,网站审计,13,2024-06-14
Site A,网站审计,13,2024-06-15
Site A,网站审计,13,2024-06-16
Site A,网站审计,13,2024-06-17
Site A,网站审计,13,2024-06-18
Site A,网站审计,13,2024-06-19
Site A,网站审计,13,2024-06-20
Site A,网站审计,13,2024-06-21
Site A,网站审计,13,2024-06-22
Site A,网站审计,13,2024-06-23
Site A,网站审计,13,2024-06-24
Site A,网站审计,13,2024-06-25
Site A,网站审计,13,2024-06-26
Site A,网站审计,13,2024-06-27
Site A,网站审计,13,2024-06-28
Site A,网站审计,13,2024-06-29
Site A,网站审计,13,2024-06-30
Site A,网站审计,13,2024-07-01
Site A,网站审计,13,2024-07-02
Site A,网站审计,13,2024-07-03
Site A,网站审计,13,2024-07-04
Site A,网站审计,13,2024-07-05
Site A,网站审计,13,2024-07-06
Site A,网站审计,13,2024-07-07
Site A,网站审计,13,2024-07-08
Site A,网站审计,13,2024-07-09
Site A,网站审计,13,2024-07-10
Site A,网站审计,13,2024-07-11
Site A,网站审计,13,2024-07-12
Site A,网站审计,13,2024-07-13
Site A,网站审计,13,2024-07-14
Site A,网站审计,13,2024-07-15
Site A,网站审计,13,2024-07-16
Site A,网站审计,13,2024-07-17
Site A,网站审计,13,2024-07-18
Site A,网站审计,13,2024-07-19
Site A,网站审计,13,2024-07-20
Site A,网站审计,13,2024-07-21
Site A,网站审计,13,2024-07-22
Site A,网站审计,13,2024-07-23
Site A,网站审计,13,2024-07-24
Site A,网站审计,13,2024-07-25
Site A,网站审计,13,2024-07-26
Site A,网站审计,13,2024-07-27
Site A,网站审计,13,2024-07-28
Site A,网站审计,13,2024-07-29
Site A,网站审计,13,2024-07-30
Site A,流量分析,14,2024-06-01
Site A,流量分析,14,2024-06-02
Site A,流量分析,14,2024-06-03
Site A,流量分析,14,2024-06-04
Site A,流量分析,14,2024-06-05
Site A,流量分析,14,2024-06-06
Site A,流量分析,14,2024-06-07
Site A,流量分析,14,2024-06-08
Site A,流量分析,14,2024-06-09
Site A,流量分析,14,2024-06-10
Site A,流量分析,14,2024-06-11
Site A,流量分析,14,2024-06-12
Site A,流量分析,14,2024-06-13
Site A,流量分析,14,2024-06-14
Site A,流量分析,14,2024-06-15
Site A,流量分析,14,2024-06-16
Site A,流量分析,14,2024-06-17
Site A,流量分析,14,2024-06-18
Site A,流量分析,14,2024-06-19
Site A,流量分析,14,2024-06-20
Site A,流量分析,14,2024-06-21
Site A,流量分析,14,2024-06-22
Site A,流量分析,14,2024-06-23
Site A,流量分析,14,2024-06-24
Site A,流量分析,14,2024-06-25
Site A,流量分析,14,2024-06-26
Site A,流量分析,14,2024-06-27
Site A,流量分析,14,2024-06-28
Site A,流量分析,14,2024-06-29
Site A,流量分析,14,2024-06-30
Site A,流量分析,14,2024-07-01
Site A,流量分析,14,2024-07-02
Site A,流量分析,14,2024-07-03
Site A,流量分析,14,2024-07-04
Site A,流量分析,14,2024-07-05
Site A,流量分析,14,2024-07-06
Site A,流量分析,14,2024-07-07
Site A,流量分析,14,2024-07-08
Site A,流量分析,14,2024-07-09
Site A,流量分析,14,2024-07-10
Site A,流量分析,14,2024-07-11
Site A,流量分析,14,2024-07-12
Site A,流量分析,14,2024-07-13
Site A,流量分析,14,2024-07-14
Site A,流量分析,14,2024-07-15
Site A,流量分析,14,2024-07-16
Site A,流量分析,14,2024-07-17
Site A,流量分析,14,2024-07-18
Site A,流量分析,14,2024-07-19
Site A,流量分析,14,2024-07-20
Site A,流量分析,14,2024-07-21
Site A,流量分析,14,2024-07-22
Site A,流量分析,14,2024-07-23
Site A,流量分析,14,2024-07-24
Site A,流量分析,14,2024-07-25
Site A,流量分析,14,2024-07-26
Site A,流量分析,14,2024-07-27
Site A,流量分析,14,2024-07-28
Site A,流量分析,14,2024-07-29
Site A,流量分析,14,2024-07-30
Site B,笔记本电脑,5,2024-06-01
Site B,笔记本电脑,5,2024-06-02
Site B,笔记本电脑,5,2024-06-03
Site B,笔记本电脑,5,2024-06-04
Site B,笔记本电脑,5,2024-06-05
Site B,笔记本电脑,5,2024-06-06
Site B,笔记本电脑,5,2024-06-07
Site B,笔记本电脑,5,2024-06-08
Site B,笔记本电脑,5,2024-06-09
Site B,笔记本电脑,5,2024-06-10
Site B,笔记本电脑,5,2024-06-11
Site B,笔记本电脑,5,2024-06-12
Site B,笔记本电脑,5,2024-06-13
Site B,笔记本电脑,5,2024-06-14
Site B,笔记本电脑,5,2024-06-15
Site B,笔记本电脑,5,2024-06-16
Site B,笔记本电脑,5,2024-06-17
Site B,笔记本电脑,5,2024-06-18
Site B,笔记本电脑,5,2024-06-19
Site B,笔记本电脑,5,2024-06-20
Site B,笔记本电脑,5,2024-06-21
Site B,笔记本电脑,5,2024-06-22
Site B,笔记本电脑,5,2024-06-23
Site B,笔记本电脑,5,2024-06-24
Site B,笔记本电脑,5,2024-06-25
Site B,笔记本电脑,5,2024-06-26
Site B,笔记本电脑,5,2024-06-27
Site B,笔记本电脑,5,2024-06-28
Site B,笔记本电脑,5,2024-06-29
Site B,笔记本电脑,5,2024-06-30
Site B,笔记本电脑,4,2024-07-01
Site B,笔记本电脑,4,2024-07-02
Site B,笔记本电脑,4,2024-07-03
Site B,笔记本电脑,4,2024-07-04
Site B,笔记本电脑,4,2024-07-05
Site B,笔记本电脑,4,2024-07-06
Site B,笔记本电脑,4,2024-07-07
Site B,笔记本电脑,4,2024-07-08
Site B,笔记本电脑,4,2024-07-09
Site B,笔记本电脑,4,2024-07-10
Site B,笔记本电脑,4,2024-07-11
Site B,笔记本电脑,4,2024-07-12
Site B,笔记本电脑,4,2024-07-13
Site B,笔记本电脑,4,2024-07-14
Site B,笔记本电脑,4,2024-07-15
Site B,笔记本电脑,4,2024-07-16
Site B,笔记本电脑,4,2024-07-17
Site B,笔记本电脑,4,2024-07-18
Site B,笔记本电脑,4,2024-07-19
Site B,笔记本电脑,4,2024-07-20
Site B,笔记本电脑,4,2024-07-21
Site B,笔记本电脑,4,2024-07-22
Site B,笔记本电脑,4,2024-07-23
Site B,笔记本电脑,4,2024-07-24
Site B,笔记本电脑,4,2024-07-25
Site B,笔记本电脑,4,2024-07-26
Site B,笔记本电脑,4,2024-07-27
Site B,笔记本电脑,4,2024-07-28
Site B,笔记本电脑,4,2024-07-29
Site B,笔记本电脑,4,2024-07-30
Site B,机械键盘,6,2024-06-01
Site B,机械键盘,6,2024-06-02
Site B,机械键盘,6,2024-06-03
Site B,机械键盘,6,2024-06-04
Site B,机械键盘,6,2024-06-05
Site B,机械键盘,6,2024-06-06
Site B,机械键盘,6,2024-06-07
Site B,机械键盘,6,2024-06-08
Site B,机械键盘,6,2024-06-09
Site B,机械键盘,6,2024-06-10
Site B,机械键盘,6,2024-06-11
Site B,机械键盘,6,2024-06-12
Site B,机械键盘,6,2024-06-13
Site B,机械键盘,6,2024-06-14
Site B,机械键盘,6,2024-06-15
Site B,机械键盘,6,2024-06-16
Site B,机械键盘,6,2024-06-17
Site B,机械键盘,6,2024-06-18
Site B,机械键盘,6,2024-06-19
Site B,机械键盘,6,2024-06-20
Site B,机械键盘,6,2024-06-21
Site B,机械键盘,6,2024-06-22
Site B,机械键盘,6,2024-06-23
Site B,机械键盘,6,2024-06-24
Site B,机械键盘,6,2024-06-25
Site B,机械键盘,6,2024-06-26
Site B,机械键盘,6,2024-06-27
Site B,机械键盘,6,2024-06-28
Site B,机械键盘,6,2024-06-29
Site B,机械键盘,6,2024-06-30
Site B,机械键盘,5,2024-07-01
Site B,机械键盘,5,2024-07-02
Site B,机械键盘,5,2024-07-03
Site B,机械键盘,5,2024-07-04
Site B,机械键盘,5,2024-07-05
Site B,机械键盘,5,2024-07-06
Site B,机械键盘,5,2024-07-07
Site B,机械键盘,5,2024-07-08
Site B,机械键盘,5,2024-07-09
Site B,机械键盘,5,2024-07-10
Site B,机械键盘,5,2024-07-11
Site B,机械键盘,5,2024-07-12
Site B,机械键盘,5,2024-07-13
Site B,机械键盘,5,2024-07-14
Site B,机械键盘,5,2024-07-15
Site B,机械键盘,5,2024-07-16
Site B,机械键盘,5,2024-07-17
Site B,机械键盘,5,2024-07-18
Site B,机械键盘,5,2024-07-19
Site B,机械键盘,5,2024-07-20
Site B,机械键盘,5,2024-07-21
Site B,机械键盘,5,2024-07-22
Site B,机械键盘,5,2024-07-23
Site B,机械键盘,5,2024-07-24
Site B,机械键盘,5,2024-07-25
Site B,机械键盘,5,2024-07-26
Site B,机械键盘,5,2024-07-27
Site B,机械键盘,5,2024-07-28
Site B,机械键盘,5,2024-07-29
Site B,机械键盘,5,2024-07-30
Site B,无线鼠标,7,2024-06-01
Site B,无线鼠标,7,2024-06-02
Site B,无线鼠标,7,2024-06-03
Site B,无线鼠标,7,2024-06-04
Site B,无线鼠标,7,2024-06-05
Site B,无线鼠标,7,2024-06-06
Site B,无线鼠标,7,2024-06-07
Site B,无线鼠标,7,2024-06-08
Site B,无线鼠标,7,2024-06-09
Site B,无线鼠标,7,2024-06-10
Site B,无线鼠标,7,2024-06-11
Site B,无线鼠标,7,2024-06-12
Site B,无线鼠标,7,2024-06-13
Site B,无线鼠标,7,2024-06-14
Site B,无线鼠标,7,2024-06-15
Site B,无线鼠标,7,2024-06-16
Site B,无线鼠标,7,2024-06-17
Site B,无线鼠标,7,2024-06-18
Site B,无线鼠标,7,2024-06-19
Site B,无线鼠标,7,2024-06-20
Site B,无线鼠标,7,2024-06-21
Site B,无线鼠标,7,2024-06-22
Site B,无线鼠标,7,2024-06-23
Site B,无线鼠标,7,2024-06-24
Site B,无线鼠标,7,2024-06-25
Site B,无线鼠标,7,2024-06-26
Site B,无线鼠标,7,2024-06-27
Site B,无线鼠标,7,2024-06-28
Site B,无线鼠标,7,2024-06-29
Site B,无线鼠标,7,2024-06-30
Site B,无线鼠标,6,2024-07-01
Site B,无线鼠标,6,2024-07-02
Site B,无线鼠标,6,2024-07-03
Site B,无线鼠标,6,2024-07-04
Site B,无线鼠标,6,2024-07-05
Site B,无线鼠标,6,2024-07-06
Site B,无线鼠标,6,2024-07-07
Site B,无线鼠标,6,2024-07-08
Site B,无线鼠标,6,2024-07-09
Site B,无线鼠标,6,2024-07-10
Site B,无线鼠标,6,2024-07-11
Site B,无线鼠标,6,2024-07-12
Site B,无线鼠标,6,2024-07-13
Site B,无线鼠标,6,2024-07-14
Site B,无线鼠标,6,2024-07-15
Site B,无线鼠标,6,2024-07-16
Site B,无线鼠标,6,2024-07-17
Site B,无线鼠标,6,2024-07-18
Site B,无线鼠标,6,2024-07-19
Site B,无线鼠标,6,2024-07-20
Site B,无线鼠标,6,2024-07-21
Site B,无线鼠标,6,2024-07-22
Site B,无线鼠标,6,2024-07-23
Site B,无线鼠标,6,2024-07-24
Site B,无线鼠标,6,2024-07-25
Site B,无线鼠标,6,2024-07-26
Site B,无线鼠标,6,2024-07-27
Site B,无线鼠标,6,2024-07-28
Site B,无线鼠标,6,2024-07-29
Site B,无线鼠标,6,2024-07-30
Site B,显示器,8,2024-06-01
Site B,显示器,8,2024-06-02
Site B,显示器,8,2024-06-03
Site B,显示器,8,2024-06-04
Site B,显示器,8,2024-06-05
Site B,显示器,8,2024-06-06
Site B,显示器,8,2024-06-07
Site B,显示器,8,2024-06-08
Site B,显示器,8,2024-06-09
Site B,显示器,8,2024-06-10
Site B,显示器,8,2024-06-11
Site B,显示器,8,2024-06-12
Site B,显示器,8,2024-06-13
Site B,显示器,8,2024-06-14
Site B,显示器,8,2024-06-15
Site B,显示器,8,2024-06-16
Site B,显示器,8,2024-06-17
Site B,显示器,8,2024-06-18
Site B,显示器,8,2024-06-19
Site B,显示器,8,2024-06-20
Site B,显示器,8,2024-06-21
Site B,显示器,8,2024-06-22
Site B,显示器,8,2024-06-23
Site B,显示器,8,2024-06-24
Site B,显示器,8,2024-06-25
Site B,显示器,8,2024-06-26
Site B,显示器,8,2024-06-27
Site B,显示器,8,2024-06-28
Site B,显示器,8,2024-06-29
Site B,显示器,8,2024-06-30
Site B,显示器,7,2024-07-01
Site B,显示器,7,2024-07-02
Site B,显示器,7,2024-07-03
Site B,显示器,7,2024-07-04
Site B,显示器,7,2024-07-05
Site B,显示器,7,2024-07-06
Site B,显示器,7,2024-07-07
Site B,显示器,7,2024-07-08
Site B,显示器,7,2024-07-09
Site B,显示器,7,2024-07-10
Site B,显示器,7,2024-07-11
Site B,显示器,7,2024-07-12
Site B,显示器,7,2024-07-13
Site B,显示器,7,2024-07-14
Site B,显示器,7,2024-07-15
Site B,显示器,7,2024-07-16
Site B,显示器,7,2024-07-17
Site B,显示器,7,2024-07-18
Site B,显示器,7,2024-07-19
Site B,显示器,7,2024-07-20
Site B,显示器,7,2024-07-21
Site B,显示器,7,2024-07-22
Site B,显示器,7,2024-07-23
Site B,显示器,7,2024-07-24
Site B,显示器,7,2024-07-25
Site B,显示器,7,2024-07-26
Site B,显示器,7,2024-07-27
Site B,显示器,7,2024-07-28
Site B,显示器,7,2024-07-29
Site B,显示器,7,2024-07-30
Site B,办公椅,9,2024-06-01
Site B,办公椅,9,2024-06-02
Site B,办公椅,9,2024-06-03
Site B,办公椅,9,2024-06-04
Site B,办公椅,9,2024-06-05
Site B,办公椅,9,2024-06-06
Site B,办公椅,9,2024-06-07
Site B,办公椅,9,2024-06-08
Site B,办公椅,9,2024-06-09
Site B,办公椅,9,2024-06-10
Site B,办公椅,9,2024-06-11
Site B,办公椅,9,2024-06-12
Site B,办公椅,9,2024-06-13
Site B,办公椅,9,2024-06-14
Site B,办公椅,9,2024-06-15
Site B,办公椅,9,2024-06-16
Site B,办公椅,9,2024-06-17
Site B,办公椅,9,2024-06-18
Site B,办公椅,9,2024-06-19
Site B,办公椅,9,2024-06-20
Site B,办公椅,9,2024-06-21
Site B,办公椅,9,2024-06-22
Site B,办公椅,9,2024-06-23
Site B,办公椅,9,2024-06-24
Site B,办公椅,9,2024-06-25
Site B,办公椅,9,2024-06-26
Site B,办公椅,9,2024-06-27
Site B,办公椅,9,2024-06-28
Site B,办公椅,9,2024-06-29
Site B,办公椅,9,2024-06-30
Site B,办公椅,8,2024-07-01
Site B,办公椅,8,2024-07-02
Site B,办公椅,8,2024-07-03
Site B,办公椅,8,2024-07-04
Site B,办公椅,8,2024-07-05
Site B,办公椅,8,2024-07-06
Site B,办公椅,8,2024-07-07
Site B,办公椅,8,2024-07-08
Site B,办公椅,8,2024-07-09
Site B,办公椅,8,2024-07-10
Site B,办公椅,8,2024-07-11
Site B,办公椅,8,2024-07-12
Site B,办公椅,8,2024-07-13
Site B,办公椅,8,2024-07-14
Site B,办公椅,8,2024-07-15
Site B,办公椅,8,2024-07-16
Site B,办公椅,8,2024-07-17
Site B,办公椅,8,2024-07-18
Site B,办公椅,8,2024-07-19
Site B,办公椅,8,2024-07-20
Site B,办公椅,8,2024-07-21
Site B,办公椅,8,2024-07-22
Site B,办公椅,8,2024-07-23
Site B,办公椅,8,2024-07-24
Site B,办公椅,8,2024-07-25
Site B,办公椅,8,2024-07-26
Site B,办公椅,8,2024-07-27
Site B,办公椅,8,2024-07-28
Site B,办公椅,8,2024-07-29
Site B,办公椅,8,2024-07-30
Site B,打印机,10,2024-06-01
Site B,打印机,10,2024-06-02
Site B,打印机,10,2024-06-03
Site B,打印机,10,2024-06-04
Site B,打印机,10,2024-06-05
Site B,打印机,10,2024-06-06
Site B,打印机,10,2024-06-07
Site B,打印机,10,2024-06-08
Site B,打印机,10,2024-06-09
Site B,打印机,10,2024-06-10
Site B,打印机,10,2024-06-11
Site B,打印机,10,2024-06-12
Site B,打印机,10,2024-06-13
Site B,打印机,10,2024-06-14
Site B,打印机,10,2024-06-15
Site B,打印机,10,2024-06-16
Site B,打印机,10,2024-06-17
Site B,打印机,10,2024-06-18
Site B,打印机,10,2024-06-19
Site B,打印机,10,2024-06-20
Site B,打印机,10,2024-06-21
Site B,打印机,10,2024-06-22
Site B,打印机,10,2024-06-23
Site B,打印机,10,2024-06-24
Site B,打印机,10,2024-06-25
Site B,打印机,10,2024-06-26
Site B,打印机,10,2024-06-27
Site B,打印机,10,2024-06-28
Site B,打印机,10,2024-06-29
Site B,打印机,10,2024-06-30
Site B,打印机,9,2024-07-01
Site B,打印机,9,2024-07-02
Site B,打印机,9,2024-07-03
Site B,打印机,9,2024-07-04
Site B,打印机,9,2024-07-05
Site B,打印机,9,2024-07-06
Site B,打印机,9,2024-07-07
Site B,打印机,9,2024-07-08
Site B,打印机,9,2024-07-09
Site B,打印机,9,2024-07-10
Site B,打印机,9,2024-07-11
Site B,打印机,9,2024-07-12
Site B,打印机,9,2024-07-13
Site B,打印机,9,2024-07-14
Site B,打印机,9,2024-07-15
Site B,打印机,9,2024-07-16
Site B,打印机,9,2024-07-17
Site B,打印机,9,2024-07-18
Site B,打印机,9,2024-07-19
Site B,打印机,9,2024-07-20
Site B,打印机,9,2024-07-21
Site B,打印机,9,2024-07-22
Site B,打印机,9,2024-07-23
Site B,打印机,9,2024-07-24
Site B,打印机,9,2024-07-25
Site B,打印机,9,2024-07-26
Site B,打印机,9,2024-07-27
Site B,打印机,9,2024-07-28
Site B,打印机,9,2024-07-29
Site B,打印机,9,2024-07-30
Site B,路由器,11,2024-06-01
Site B,路由器,11,2024-06-02
Site B,路由器,11,2024-06-03
Site B,路由器,11,2024-06-04
Site B,路由器,11,2024-06-05
Site B,路由器,11,2024-06-06
Site B,路由器,11,2024-06-07
Site B,路由器,11,2024-06-08
Site B,路由器,11,2024-06-09
Site B,路由器,11,2024-06-10
Site B,路由器,11,2024-06-11
Site B,路由器,11,2024-06-12
Site B,路由器,11,2024-06-13
Site B,路由器,11,2024-06-14
Site B,路由器,11,2024-06-15
Site B,路由器,11,2024-06-16
Site B,路由器,11,2024-06-17
Site B,路由器,11,2024-06-18
Site B,路由器,11,2024-06-19
Site B,路由器,11,2024-06-20
Site B,路由器,11,2024-06-21
Site B,路由器,11,2024-06-22
Site B,路由器,11,2024-06-23
Site B,路由器,11,2024-06-24
Site B,路由器,11,2024-06-25
Site B,路由器,11,2024-06-26
Site B,路由器,11,2024-06-27
Site B,路由器,11,2024-06-28
Site B,路由器,11,2024-06-29
Site B,路由器,11,2024-06-30
Site B,路由器,10,2024-07-01
Site B,路由器,10,2024-07-02
Site B,路由器,10,2024-07-03
Site B,路由器,10,2024-07-04
Site B,路由器,10,2024-07-05
Site B,路由器,10,2024-07-06
Site B,路由器,10,2024-07-07
Site B,路由器,10,2024-07-08
Site B,路由器,10,2024-07-09
Site B,路由器,10,2024-07-10
Site B,路由器,10,2024-07-11
Site B,路由器,10,2024-07-12
Site B,路由器,10,2024-07-13
Site B,路由器,10,2024-07-14
Site B,路由器,10,2024-07-15
Site B,路由器,10,2024-07-16
Site B,路由器,10,2024-07-17
Site B,路由器,10,2024-07-18
Site B,路由器,10,2024-07-19
Site B,路由器,10,2024-07-20
Site B,路由器,10,2024-07-21
Site B,路由器,10,2024-07-22
Site B,路由器,10,2024-07-23
Site B,路由器,10,2024-07-24
Site B,路由器,10,2024-07-25
Site B,路由器,10,2024-07-26
Site B,路由器,10,2024-07-27
Site B,路由器,10,2024-07-28
Site B,路由器,10,2024-07-29
Site B,路由器,10,2024-07-30
Site B,固态硬盘,12,2024-06-01
Site B,固态硬盘,12,2024-06-02
Site B,固态硬盘,12,2024-06-03
Site B,固态硬盘,12,2024-06-04
Site B,固态硬盘,12,2024-06-05
Site B,固态硬盘,12,2024-06-06
Site B,固态硬盘,12,2024-06-07
Site B,固态硬盘,12,2024-06-08
Site B,固态硬盘,12,2024-06-09
Site B,固态硬盘,12,2024-06-10
Site B,固态硬盘,12,2024-06-11
Site B,固态硬盘,12,2024-06-12
Site B,固态硬盘,12,2024-06-13
Site B,固态硬盘,12,2024-06-14
Site B,固态硬盘,12,2024-06-15
Site B,固态硬盘,12,2024-06-16
Site B,固态硬盘,12,2024-06-17
Site B,固态硬盘,12,2024-06-18
Site B,固态硬盘,12,2024-06-19
Site B,固态硬盘,12,2024-06-20
Site B,固态硬盘,12,2024-06-21
Site B,固态硬盘,12,2024-06-22
Site B,固态硬盘,12,2024-06-23
Site B,固态硬盘,12,2024-06-24
Site B,固态硬盘,12,2024-06-25
Site B,固态硬盘,12,2024-06-26
Site B,固态硬盘,12,2024-06-27
Site B,固态硬盘,12,2024-06-28
Site B,固态硬盘,12,2024-06-29
Site B,固态硬盘,12,2024-06-30
Site B,固态硬盘,11,2024-07-01
Site B,固态硬盘,11,2024-07-02
Site B,固态硬盘,11,2024-07-03
Site B,固态硬盘,11,2024-07-04
Site B,固态硬盘,11,2024-07-05
Site B,固态硬盘,11,2024-07-06
Site B,固态硬盘,11,2024-07-07
Site B,固态硬盘,11,2024-07-08
Site B,固态硬盘,11,2024-07-09
Site B,固态硬盘,11,2024-07-10
Site B,固态硬盘,11,2024-07-11
Site B,固态硬盘,11,2024-07-12
Site B,固态硬盘,11,2024-07-13
Site B,固态硬盘,11,2024-07-14
Site B,固态硬盘,11,2024-07-15
Site B,固态硬盘,11,2024-07-16
Site B,固态硬盘,11,2024-07-17
Site B,固态硬盘,11,2024-07-18
Site B,固态硬盘,11,2024-07-19
Site B,固态硬盘,11,2024-07-20
Site B,固态硬盘,11,2024-07-21
Site B,固态硬盘,11,2024-07-22
Site B,固态硬盘,11,2024-07-23
Site B,固态硬盘,11,2024-07-24
Site B,固态硬盘,11,2024-07-25
Site B,固态硬盘,11,2024-07-26
Site B,固态硬盘,11,2024-07-27
Site B,固态硬盘,11,2024-07-28
Site B,固态硬盘,11,2024-07-29
Site B,固态硬盘,11,2024-07-30
Site B,内存条,13,2024-06-01
Site B,内存条,13,2024-06-02
Site B,内存条,13,2024-06-03
Site B,内存条,13,2024-06-04
Site B,内存条,13,2024-06-05
Site B,内存条,13,2024-06-06
Site B,内存条,13,2024-06-07
Site B,内存条,13,2024-06-08
Site B,内存条,13,2024-06-09
Site B,内存条,13,2024-06-10
Site B,内存条,13,2024-06-11
Site B,内存条,13,2024-06-12
Site B,内存条,13,2024-06-13
Site B,内存条,13,2024-06-14
Site B,内存条,13,2024-06-15
Site B,内存条,13,2024-06-16
Site B,内存条,13,2024-06-17
Site B,内存条,13,2024-06-18
Site B,内存条,13,2024-06-19
Site B,内存条,13,2024-06-20
Site B,内存条,13,2024-06-21
Site B,内存条,13,2024-06-22
Site B,内存条,13,2024-06-23
Site B,内存条,13,2024-06-24
Site B,内存条,13,2024-06-25
Site B,内存条,13,2024-06-26
Site B,内存条,13,2024-06-27
Site B,内存条,13,2024-06-28
Site B,内存条,13,2024-06-29
Site B,内存条,13,2024-06-30
Site B,内存条,12,2024-07-01
Site B,内存条,12,2024-07-02
Site B,内存条,12,2024-07-03
Site B,内存条,12,2024-07-04
Site B,内存条,12,2024-07-05
Site B,内存条,12,2024-07-06
Site B,内存条,12,2024-07-07
Site B,内存条,12,2024-07-08
Site B,内存条,12,2024-07-09
Site B,内存条,12,2024-07-10
Site B,内存条,12,2024-07-11
Site B,内存条,12,2024-07-12
Site B,内存条,12,2024-07-13
Site B,内存条,12,2024-07-14
Site B,内存条,12,2024-07-15
Site B,内存条,12,2024-07-16
Site B,内存条,12,2024-07-17
Site B,内存条,12,2024-07-18
Site B,内存条,12,2024-07-19
Site B,内存条,12,2024-07-20
Site B,内存条,12,2024-07-21
Site B,内存条,12,2024-07-22
Site B,内存条,12,2024-07-23
Site B,内存条,12,2024-07-24
Site B,内存条,12,2024-07-25
Site B,内存条,12,2024-07-26
Site B,内存条,12,2024-07-27
Site B,内存条,12,2024-07-28
Site B,内存条,12,2024-07-29
Site B,内存条,12,2024-07-30
Site B,显卡,14,2024-06-01
Site B,显卡,14,2024-06-02
Site B,显卡,14,2024-06-03
Site B,显卡,14,2024-06-04
Site B,显卡,14,2024-06-05
Site B,显卡,14,2024-06-06
Site B,显卡,14,2024-06-07
Site B,显卡,14,2024-06-08
Site B,显卡,14,2024-06-09
Site B,显卡,14,2024-06-10
Site B,显卡,14,2024-06-11
Site B,显卡,14,2024-06-12
Site B,显卡,14,2024-06-13
Site B,显卡,14,2024-06-14
Site B,显卡,14,2024-06-15
Site B,显卡,14,2024-06-16
Site B,显卡,14,2024-06-17
Site B,显卡,14,2024-06-18
Site B,显卡,14,2024-06-19
Site B,显卡,14,2024-06-20
Site B,显卡,14,2024-06-21
Site B,显卡,14,2024-06-22
Site B,显卡,14,2024-06-23
Site B,显卡,14,2024-06-24
Site B,显卡,14,2024-06-25
Site B,显卡,14,2024-06-26
Site B,显卡,14,2024-06-27
Site B,显卡,14,2024-06-28
Site B,显卡,14,2024-06-29
Site B,显卡,14,2024-06-30
Site B,显卡,13,2024-07-01
Site B,显卡,13,2024-07-02
Site B,显卡,13,2024-07-03
Site B,显卡,13,2024-07-04
Site B,显卡,13,2024-07-05
Site B,显卡,13,2024-07-06
Site B,显卡,13,2024-07-07
Site B,显卡,13,2024-07-08
Site B,显卡,13,2024-07-09
Site B,显卡,13,2024-07-10
Site B,显卡,13,2024-07-11
Site B,显卡,13,2024-07-12
Site B,显卡,13,2024-07-13
Site B,显卡,13,2024-07-14
Site B,显卡,13,2024-07-15
Site B,显卡,13,2024-07-16
Site B,显卡,13,2024-07-17
Site B,显卡,13,2024-07-18
Site B,显卡,13,2024-07-19
Site B,显卡,13,2024-07-20
Site B,显卡,13,2024-07-21
Site B,显卡,13,2024-07-22
Site B,显卡,13,2024-07-23
Site B,显卡,13,2024-07-24
Site B,显卡,13,2024-07-25
Site B,显卡,13,2024-07-26
Site B,显卡,13,2024-07-27
Site B,显卡,13,2024-07-28
Site B,显卡,13,2024-07-29
Site B,显卡,13,2024-07-30
Site B,主板,15,2024-06-01
Site B,主板,15,2024-06-02
Site B,主板,15,2024-06-03
Site B,主板,15,2024-06-04
Site B,主板,15,2024-06-05
Site B,主板,15,2024-06-06
Site B,主板,15,2024-06-07
Site B,主板,15,2024-06-08
Site B,主板,15,2024-06-09
Site B,主板,15,2024-06-10
Site B,主板,15,2024-06-11
Site B,主板,15,2024-06-12
Site B,主板,15,2024-06-13
Site B,主板,15,2024-06-14
Site B,主板,15,2024-06-15
Site B,主板,15,2024-06-16
Site B,主板,15,2024-06-17
Site B,主板,15,2024-06-18
Site B,主板,15,2024-06-19
Site B,主板,15,2024-06-20
Site B,主板,15,2024-06-21
Site B,主板,15,2024-06-22
Site B,主板,15,2024-06-23
Site B,主板,15,2024-06-24
Site B,主板,15,2024-06-25
Site B,主板,15,2024-06-26
Site B,主板,15,2024-06-27
Site B,主板,15,2024-06-28
Site B,主板,15,2024-06-29
Site B,主板,15,2024-06-30
Site B,主板,14,2024-07-01
Site B,主板,14,2024-07-02
Site B,主板,14,2024-07-03
Site B,主板,14,2024-07-04
Site B,主板,14,2024-07-05
Site B,主板,14,2024-07-06
Site B,主板,14,2024-07-07
Site B,主板,14,2024-07-08
Site B,主板,14,2024-07-09
Site B,主板,14,2024-07-10
Site B,主板,14,2024-07-11
Site B,主板,14,2024-07-12
Site B,主板,14,2024-07-13
Site B,主板,14,2024-07-14
Site B,主板,14,2024-07-15
Site B,主板,14,2024-07-16
Site B,主板,14,2024-07-17
Site B,主板,14,2024-07-18
Site B,主板,14,2024-07-19
Site B,主板,14,2024-07-20
Site B,主板,14,2024-07-21
Site B,主板,14,2024-07-22
Site B,主板,14,2024-07-23
Site B,主板,14,2024-07-24
Site B,主板,14,2024-07-25
Site B,主板,14,2024-07-26
Site B,主板,14,2024-07-27
Site B,主板,14,2024-07-28
Site B,主板,14,2024-07-29
Site B,主板,14,2024-07-30
Site B,电源,16,2024-06-01
Site B,电源,16,2024-06-02
Site B,电源,16,2024-06-03
Site B,电源,16,2024-06-04
Site B,电源,16,2024-06-05
Site B,电源,16,2024-06-06
Site B,电源,16,2024-06-07
Site B,电源,16,2024-06-08
Site B,电源,16,2024-06-09
Site B,电源,16,2024-06-10
Site B,电源,16,2024-06-11
Site B,电源,16,2024-06-12
Site B,电源,16,2024-06-13
Site B,电源,16,2024-06-14
Site B,电源,16,2024-06-15
Site B,电源,16,2024-06-16
Site B,电源,16,2024-06-17
Site B,电源,16,2024-06-18
Site B,电源,16,2024-06-19
Site B,电源,16,2024-06-20
Site B,电源,16,2024-06-21
Site B,电源,16,2024-06-22
Site B,电源,16,2024-06-23
Site B,电源,16,2024-06-24
Site B,电源,16,2024-06-25
Site B,电源,16,2024-06-26
Site B,电源,16,2024-06-27
Site B,电源,16,2024-06-28
Site B,电源,16,2024-06-29
Site B,电源,16,2024-06-30
Site B,电源,15,2024-07-01
Site B,电源,15,2024-07-02
Site B,电源,15,2024-07-03
Site B,电源,15,2024-07-04
Site B,电源,15,2024-07-05
Site B,电源,15,2024-07-06
Site B,电源,15,2024-07-07
Site B,电源,15,2024-07-08
Site B,电源,15,2024-07-09
Site B,电源,15,2024-07-10
Site B,电源,15,2024-07-11
Site B,电源,15,2024-07-12
Site B,电源,15,2024-07-13
Site B,电源,15,2024-07-14
Site B,电源,15,2024-07-15
Site B,电源,15,2024-07-16
Site B,电源,15,2024-07-17
Site B,电源,15,2024-07-18
Site B,电源,15,2024-07-19
Site B,电源,15,2024-07-20
Site B,电源,15,2024-07-21
Site B,电源,15,2024-07-22
Site B,电源,15,2024-07-23
Site B,电源,15,2024-07-24
Site B,电源,15,2024-07-25
Site B,电源,15,2024-07-26
Site B,电源,15,2024-07-27
Site B,电源,15,2024-07-28
Site B,电源,15,2024-07-29
Site B,电源,15,2024-07-30
Site B,机箱,17,2024-06-01
Site B,机箱,17,2024-06-02
Site B,机箱,17,2024-06-03
Site B,机箱,17,2024-06-04
Site B,机箱,17,2024-06-05
Site B,机箱,17,2024-06-06
Site B,机箱,17,2024-06-07
Site B,机箱,17,2024-06-08
Site B,机箱,17,2024-06-09
Site B,机箱,17,2024-06-10
Site B,机箱,17,2024-06-11
Site B,机箱,17,2024-06-12
Site B,机箱,17,2024-06-13
Site B,机箱,17,2024-06-14
Site B,机箱,17,2024-06-15
Site B,机箱,17,2024-06-16
Site B,机箱,17,2024-06-17
Site B,机箱,17,2024-06-18
Site B,机箱,17,2024-06-19
Site B,机箱,17,2024-06-20
Site B,机箱,17,2024-06-21
Site B,机箱,17,2024-06-22
Site B,机箱,17,2024-06-23
Site B,机箱,17,2024-06-24
Site B,机箱,17,2024-06-25
Site B,机箱,17,2024-06-26
Site B,机箱,17,2024-06-27
Site B,机箱,17,2024-06-28
Site B,机箱,17,2024-06-29
Site B,机箱,17,2024-06-30
Site B,机箱,16,2024-07-01
Site B,机箱,16,2024-07-02
Site B,机箱,16,2024-07-03
Site B,机箱,16,2024-07-04
Site B,机箱,16,2024-07-05
Site B,机箱,16,2024-07-06
Site B,机箱,16,2024-07-07
Site B,机箱,16,2024-07-08
Site B,机箱,16,2024-07-09
Site B,机箱,16,2024-07-10
Site B,机箱,16,2024-07-11
Site B,机箱,16,2024-07-12
Site B,机箱,16,2024-07-13
Site B,机箱,16,2024-07-14
Site B,机箱,16,2024-07-15
Site B,机箱,16,2024-07-16
Site B,机箱,16,2024-07-17
Site B,机箱,16,2024-07-18
Site B,机箱,16,2024-07-19
Site B,机箱,16,2024-07-20
Site B,机箱,16,2024-07-21
Site B,机箱,16,2024-07-22
Site B,机箱,16,2024-07-23
Site B,机箱,16,2024-07-24
Site B,机箱,16,2024-07-25
Site B,机箱,16,2024-07-26
Site B,机箱,16,2024-07-27
Site B,机箱,16,2024-07-28
Site B,机箱,16,2024-07-29
Site B,机箱,16,2024-07-30
Site B,摄像头,18,2024-06-01
Site B,摄像头,18,2024-06-02
Site B,摄像头,18,2024-06-03
Site B,摄像头,18,2024-06-04
Site B,摄像头,18,2024-06-05
Site B,摄像头,18,2024-06-06
Site B,摄像头,18,2024-06-07
Site B,摄像头,18,2024-06-08
Site B,摄像头,18,2024-06-09
Site B,摄像头,18,2024-06-10
Site B,摄像头,18,2024-06-11
Site B,摄像头,18,2024-06-12
Site B,摄像头,18,2024-06-13
Site B,摄像头,18,2024-06-14
Site B,摄像头,18,2024-06-15
Site B,摄像头,18,2024-06-16
Site B,摄像头,18,2024-06-17
Site B,摄像头,18,2024-06-18
Site B,摄像头,18,2024-06-19
Site B,摄像头,18,2024-06-20
Site B,摄像头,18,2024-06-21
Site B,摄像头,18,2024-06-22
Site B,摄像头,18,2024-06-23
Site B,摄像头,18,2024-06-24
Site B,摄像头,18,2024-06-25
Site B,摄像头,18,2024-06-26
Site B,摄像头,18,2024-06-27
Site B,摄像头,18,2024-06-28
Site B,摄像头,18,2024-06-29
Site B,摄像头,18,2024-06-30
Site B,摄像头,17,2024-07-01
Site B,摄像头,17,2024-07-02
Site B,摄像头,17,2024-07-03
Site B,摄像头,17,2024-07-04
Site B,摄像头,17,2024-07-05
Site B,摄像头,17,2024-07-06
Site B,摄像头,17,2024-07-07
Site B,摄像头,17,2024-07-08
Site B,摄像头,17,2024-07-09
Site B,摄像头,17,2024-07-10
Site B,摄像头,17,2024-07-11
Site B,摄像头,17,2024-07-12
Site B,摄像头,17,2024-07-13
Site B,摄像头,17,2024-07-14
Site B,摄像头,17,2024-07-15
Site B,摄像头,17,2024-07-16
Site B,摄像头,17,2024-07-17
Site B,摄像头,17,2024-07-18
Site B,摄像头,17,2024-07-19
Site B,摄像头,17,2024-07-20
Site B,摄像头,17,2024-07-21
Site B,摄像头,17,2024-07-22
Site B,摄像头,17,2024-07-23
Site B,摄像头,17,2024-07-24
Site B,摄像头,17,2024-07-25
Site B,摄像头,17,2024-07-26
Site B,摄像头,17,2024-07-27
Site B,摄像头,17,2024-07-28
Site B,摄像头,17,2024-07-29
Site B,摄像头,17,2024-07-30
Site B,麦克风,19,2024-06-01
Site B,麦克风,19,2024-06-02
Site B,麦克风,19,2024-06-03
Site B,麦克风,19,2024-06-04
Site B,麦克风,19,2024-06-05
Site B,麦克风,19,2024-06-06
Site B,麦克风,19,2024-06-07
Site B,麦克风,19,2024-06-08
Site B,麦克风,19,2024-06-09
Site B,麦克风,19,2024-06-10
Site B,麦克风,19,2024-06-11
Site B,麦克风,19,2024-06-12
Site B,麦克风,19,2024-06-13
Site B,麦克风,19,2024-06-14
Site B,麦克风,19,2024-06-15
Site B,麦克风,19,2024-06-16
Site B,麦克风,19,2024-06-17
Site B,麦克风,19,2024-06-18
Site B,麦克风,19,2024-06-19
Site B,麦克风,19,2024-06-20
Site B,麦克风,19,2024-06-21
Site B,麦克风,19,2024-06-22
Site B,麦克风,19,2024-06-23
Site B,麦克风,19,2024-06-24
Site B,麦克风,19,2024-06-25
Site B,麦克风,19,2024-06-26
Site B,麦克风,19,2024-06-27
Site B,麦克风,19,2024-06-28
Site B,麦克风,19,2024-06-29
Site B,麦克风,19,2024-06-30
Site B,麦克风,18,2024-07-01
Site B,麦克风,18,2024-07-02
Site B,麦克风,18,2024-07-03
Site B,麦克风,18,2024-07-04
Site B,麦克风,18,2024-07-05
Site B,麦克风,18,2024-07-06
Site B,麦克风,18,2024-07-07
Site B,麦克风,18,2024-07-08
Site B,麦克风,18,2024-07-09
Site B,麦克风,18,2024-07-10
Site B,麦克风,18,2024-07-11
Site B,麦克风,18,2024-07-12
Site B,麦克风,18,2024-07-13
Site B,麦克风,18,2024-07-14
Site B,麦克风,18,2024-07-15
Site B,麦克风,18,2024-07-16
Site B,麦克风,18,2024-07-17
Site B,麦克风,18,2024-07-18
Site B,麦克风,18,2024-07-19
Site B,麦克风,18,2024-07-20
Site B,麦克风,18,2024-07-21
Site B,麦克风,18,2024-07-22
Site B,麦克风,18,2024-07-23
Site B,麦克风,18,2024-07-24
Site B,麦克风,18,2024-07-25
Site B,麦克风,18,2024-07-26
Site B,麦克风,18,2024-07-27
Site B,麦克风,18,2024-07-28
Site B,麦克风,18,2024-07-29
Site B,麦克风,18,2024-07-30
Site B,耳机,20,2024-06-01
Site B,耳机,20,2024-06-02
Site B,耳机,20,2024-06-03
Site B,耳机,20,2024-06-04
Site B,耳机,20,2024-06-05
Site B,耳机,20,2024-06-06
Site B,耳机,20,2024-06-07
Site B,耳机,20,2024-06-08
Site B,耳机,20,2024-06-09
Site B,耳机,20,2024-06-10
Site B,耳机,20,2024-06-11
Site B,耳机,20,2024-06-12
Site B,耳机,20,2024-06-13
Site B,耳机,20,2024-06-14
Site B,耳机,20,2024-06-15
Site B,耳机,20,2024-06-16
Site B,耳机,20,2024-06-17
Site B,耳机,20,2024-06-18
Site B,耳机,20,2024-06-19
Site B,耳机,20,2024-06-20
Site B,耳机,20,2024-06-21
Site B,耳机,20,2024-06-22
Site B,耳机,20,2024-06-23
Site B,耳机,20,2024-06-24
Site B,耳机,20,2024-06-25
Site B,耳机,20,2024-06-26
Site B,耳机,20,2024-06-27
Site B,耳机,20,2024-06-28
Site B,耳机,20,2024-06-29
Site B,耳机,20,2024-06-30
Site B,耳机,19,2024-07-01
Site B,耳机,19,2024-07-02
Site B,耳机,19,2024-07-03
Site B,耳机,19,2024-07-04
Site B,耳机,19,2024-07-05
Site B,耳机,19,2024-07-06
Site B,耳机,19,2024-07-07
Site B,耳机,19,2024-07-08
Site B,耳机,19,2024-07-09
Site B,耳机,19,2024-07-10
Site B,耳机,19,2024-07-11
Site B,耳机,19,2024-07-12
Site B,耳机,19,2024-07-13
Site B,耳机,19,2024-07-14
Site B,耳机,19,2024-07-15
Site B,耳机,19,2024-07-16
Site B,耳机,19,2024-07-17
Site B,耳机,19,2024-07-18
Site B,耳机,19,2024-07-19
Site B,耳机,19,2024-07-20
Site B,耳机,19,2024-07-21
Site B,耳机,19,2024-07-22
Site B,耳机,19,2024-07-23
Site B,耳机,19,2024-07-24
Site B,耳机,19,2024-07-25
Site B,耳机,19,2024-07-26
Site B,耳机,19,2024-07-27
Site B,耳机,19,2024-07-28
Site B,耳机,19,2024-07-29
Site B,耳机,19,2024-07-30
Site B,平板,21,2024-06-01
Site B,平板,21,2024-06-02
Site B,平板,21,2024-06-03
Site B,平板,21,2024-06-04
Site B,平板,21,2024-06-05
Site B,平板,21,2024-06-06
Site B,平板,21,2024-06-07
Site B,平板,21,2024-06-08
Site B,平板,21,2024-06-09
Site B,平板,21,2024-06-10
Site B,平板,21,2024-06-11
Site B,平板,21,2024-06-12
Site B,平板,21,2024-06-13
Site B,平板,21,2024-06-14
Site B,平板,21,2024-06-15
Site B,平板,21,2024-06-16
Site B,平板,21,2024-06-17
Site B,平板,21,2024-06-18
Site B,平板,21,2024-06-19
Site B,平板,21,2024-06-20
Site B,平板,21,2024-06-21
Site B,平板,21,2024-06-22
Site B,平板,21,2024-06-23
Site B,平板,21,2024-06-24
Site B,平板,21,2024-06-25
Site B,平板,21,2024-06-26
Site B,平板,21,2024-06-27
Site B,平板,21,2024-06-28
Site B,平板,21,2024-06-29
Site B,平板,21,2024-06-30
Site B,平板,20,2024-07-01
Site B,平板,20,2024-07-02
Site B,平板,20,2024-07-03
Site B,平板,20,2024-07-04
Site B,平板,20,2024-07-05
Site B,平板,20,2024-07-06
Site B,平板,20,2024-07-07
Site B,平板,20,2024-07-08
Site B,平板,20,2024-07-09
Site B,平板,20,2024-07-10
Site B,平板,20,2024-07-11
Site B,平板,20,2024-07-12
Site B,平板,20,2024-07-13
Site B,平板,20,2024-07-14
Site B,平板,20,2024-07-15
Site B,平板,20,2024-07-16
Site B,平板,20,2024-07-17
Site B,平板,20,2024-07-18
Site B,平板,20,2024-07-19
Site B,平板,20,2024-07-20
Site B,平板,20,2024-07-21
Site B,平板,20,2024-07-22
Site B,平板,20,2024-07-23
Site B,平板,20,2024-07-24
Site B,平板,20,2024-07-25
Site B,平板,20,2024-07-26
Site B,平板,20,2024-07-27
Site B,平板,20,2024-07-28
Site B,平板,20,2024-07-29
Site B,平板,20,2024-07-30
Site B,手机壳,22,2024-06-01
Site B,手机壳,22,2024-06-02
Site B,手机壳,22,2024-06-03
Site B,手机壳,22,2024-06-04
Site B,手机壳,22,2024-06-05
Site B,手机壳,22,2024-06-06
Site B,手机壳,22,2024-06-07
Site B,手机壳,22,2024-06-08
Site B,手机壳,22,2024-06-09
Site B,手机壳,22,2024-06-10
Site B,手机壳,22,2024-06-11
Site B,手机壳,22,2024-06-12
Site B,手机壳,22,2024-06-13
Site B,手机壳,22,2024-06-14
Site B,手机壳,22,2024-06-15
Site B,手机壳,22,2024-06-16
Site B,手机壳,22,2024-06-17
Site B,手机壳,22,2024-06-18
Site B,手机壳,22,2024-06-19
Site B,手机壳,22,2024-06-20
Site B,手机壳,22,2024-06-21
Site B,手机壳,22,2024-06-22
Site B,手机壳,22,2024-06-23
Site B,手机壳,22,2024-06-24
Site B,手机壳,22,2024-06-25
Site B,手机壳,22,2024-06-26
Site B,手机壳,22,2024-06-27
Site B,手机壳,22,2024-06-28
Site B,手机壳,22,2024-06-29
Site B,手机壳,22,2024-06-30
Site B,手机壳,21,2024-07-01
Site B,手机壳,21,2024-07-02
Site B,手机壳,21,2024-07-03
Site B,手机壳,21,2024-07-04
Site B,手机壳,21,2024-07-05
Site B,手机壳,21,2024-07-06
Site B,手机壳,21,2024-07-07
Site B,手机壳,21,2024-07-08
Site B,手机壳,21,2024-07-09
Site B,手机壳,21,2024-07-10
Site B,手机壳,21,2024-07-11
Site B,手机壳,21,2024-07-12
Site B,手机壳,21,2024-07-13
Site B,手机壳,21,2024-07-14
Site B,手机壳,21,2024-07-15
Site B,手机壳,21,2024-07-16
Site B,手机壳,21,2024-07-17
Site B,手机壳,21,2024-07-18
Site B,手机壳,21,2024-07-19
Site B,手机壳,21,2024-07-20
Site B,手机壳,21,2024-07-21
Site B,手机壳,21,2024-07-22
Site B,手机壳,21,2024-07-23
Site B,手机壳,21,2024-07-24
Site B,手机壳,21,2024-07-25
Site B,手机壳,21,2024-07-26
Site B,手机壳,21,2024-07-27
Site B,手机壳,21,2024-07-28
Site B,手机壳,21,2024-07-29
Site B,手机壳,21,2024-07-30
Site B,数据线,23,2024-06-01
Site B,数据线,23,2024-06-02
Site B,数据线,23,2024-06-03
Site B,数据线,23,2024-06-04
Site B,数据线,23,2024-06-05
Site B,数据线,23,2024-06-06
Site B,数据线,23,2024-06-07
Site B,数据线,23,2024-06-08
Site B,数据线,23,2024-06-09
Site B,数据线,23,2024-06-10
Site B,数据线,23,2024-06-11
Site B,数据线,23,2024-06-12
Site B,数据线,23,2024-06-13
Site B,数据线,23,2024-06-14
Site B,数据线,23,2024-06-15
Site B,数据线,23,2024-06-16
Site B,数据线,23,2024-06-17
Site B,数据线,23,2024-06-18
Site B,数据线,23,2024-06-19
Site B,数据线,23,2024-06-20
Site B,数据线,23,2024-06-21
Site B,数据线,23,2024-06-22
Site B,数据线,23,2024-06-23
Site B,数据线,23,2024-06-24
Site B,数据线,23,2024-06-25
Site B,数据线,23,2024-06-26
Site B,数据线,23,2024-06-27
Site B,数据线,23,2024-06-28
Site B,数据线,23,2024-06-29
Site B,数据线,23,2024-06-30
Site B,数据线,22,2024-07-01
Site B,数据线,22,2024-07-02
Site B,数据线,22,2024-07-03
Site B,数据线,22,2024-07-04
Site B,数据线,22,2024-07-05
Site B,数据线,22,2024-07-06
Site B,数据线,22,2024-07-07
Site B,数据线,22,2024-07-08
Site B,数据线,22,2024-07-09
Site B,数据线,22,2024-07-10
Site B,数据线,22,2024-07-11
Site B,数据线,22,2024-07-12
Site B,数据线,22,2024-07-13
Site B,数据线,22,2024-07-14
Site B,数据线,22,2024-07-15
Site B,数据线,22,2024-07-16
Site B,数据线,22,2024-07-17
Site B,数据线,22,2024-07-18
Site B,数据线,22,2024-07-19
Site B,数据线,22,2024-07-20
Site B,数据线,22,2024-07-21
Site B,数据线,22,2024-07-22
Site B,数据线,22,2024-07-23
Site B,数据线,22,2024-07-24
Site B,数据线,22,2024-07-25
Site B,数据线,22,2024-07-26
Site B,数据线,22,2024-07-27
Site B,数据线,22,2024-07-28
Site B,数据线,22,2024-07-29
Site B,数据线,22,2024-07-30
Site B,充电器,24,2024-06-01
Site B,充电器,24,2024-06-02
Site B,充电器,24,2024-06-03
Site B,充电器,24,2024-06-04
Site B,充电器,24,2024-06-05
Site B,充电器,24,2024-06-06
Site B,充电器,24,2024-06-07
Site B,充电器,24,2024-06-08
Site B,充电器,24,2024-06-09
Site B,充电器,24,2024-06-10
Site B,充电器,24,2024-06-11
Site B,充电器,24,2024-06-12
Site B,充电器,24,2024-06-13
Site B,充电器,24,2024-06-14
Site B,充电器,24,2024-06-15
Site B,充电器,24,2024-06-16
Site B,充电器,24,2024-06-17
Site B,充电器,24,2024-06-18
Site B,充电器,24,2024-06-19
Site B,充电器,24,2024-06-20
Site B,充电器,24,2024-06-21
Site B,充电器,24,2024-06-22
Site B,充电器,24,2024-06-23
Site B,充电器,24,2024-06-24
Site B,充电器,24,2024-06-25
Site B,充电器,24,2024-06-26
Site B,充电器,24,2024-06-27
Site B,充电器,24,2024-06-28
Site B,充电器,24,2024-06-29
Site B,充电器,24,2024-06-30
Site B,充电器,23,2024-07-01
Site B,充电器,23,2024-07-02
Site B,充电器,23,2024-07-03
Site B,充电器,23,2024-07-04
Site B,充电器,23,2024-07-05
Site B,充电器,23,2024-07-06
Site B,充电器,23,2024-07-07
Site B,充电器,23,2024-07-08
Site B,充电器,23,2024-07-09
Site B,充电器,23,2024-07-10
Site B,充电器,23,2024-07-11
Site B,充电器,23,2024-07-12
Site B,充电器,23,2024-07-13
Site B,充电器,23,2024-07-14
Site B,充电器,23,2024-07-15
Site B,充电器,23,2024-07-16
Site B,充电器,23,2024-07-17
Site B,充电器,23,2024-07-18
Site B,充电器,23,2024-07-19
Site B,充电器,23,2024-07-20
Site B,充电器,23,2024-07-21
Site B,充电器,23,2024-07-22
Site B,充电器,23,2024-07-23
Site B,充电器,23,2024-07-24
Site B,充电器,23,2024-07-25
Site B,充电器,23,2024-07-26
Site B,充电器,23,2024-07-27
Site B,充电器,23,2024-07-28
Site B,充电器,23,2024-07-29
Site B,充电器,23,2024-07-30
Site B,投影仪,5,2024-06-01
Site B,投影仪,5,2024-06-02
Site B,投影仪,5,2024-06-03
Site B,投影仪,5,2024-06-04
Site B,投影仪,5,2024-06-05
Site B,投影仪,5,2024-06-06
Site B,投影仪,5,2024-06-07
Site B,投影仪,5,2024-06-08
Site B,投影仪,5,2024-06-09
Site B,投影仪,5,2024-06-10
Site B,投影仪,5,2024-06-11
Site B,投影仪,5,2024-06-12
Site B,投影仪,5,2024-06-13
Site B,投影仪,5,2024-06-14
Site B,投影仪,5,2024-06-15
Site B,投影仪,5,2024-06-16
Site B,投影仪,5,2024-06-17
Site B,投影仪,5,2024-06-18
Site B,投影仪,5,2024-06-19
Site B,投影仪,5,2024-06-20
Site B,投影仪,5,2024-06-21
Site B,投影仪,5,2024-06-22
Site B,投影仪,5,2024-06-23
Site B,投影仪,5,2024-06-24
Site B,投影仪,5,2024-06-25
Site B,投影仪,5,2024-06-26
Site B,投影仪,5,2024-06-27
Site B,投影仪,5,2024-06-28
Site B,投影仪,5,2024-06-29
Site B,投影仪,5,2024-06-30
Site B,投影仪,4,2024-07-01
Site B,投影仪,4,2024-07-02
Site B,投影仪,4,2024-07-03
Site B,投影仪,4,2024-07-04
Site B,投影仪,4,2024-07-05
Site B,投影仪,4,2024-07-06
Site B,投影仪,4,2024-07-07
Site B,投影仪,4,2024-07-08
Site B,投影仪,4,2024-07-09
Site B,投影仪,4,2024-07-10
Site B,投影仪,4,2024-07-11
Site B,投影仪,4,2024-07-12
Site B,投影仪,4,2024-07-13
Site B,投影仪,4,2024-07-14
Site B,投影仪,4,2024-07-15
Site B,投影仪,4,2024-07-16
Site B,投影仪,4,2024-07-17
Site B,投影仪,4,2024-07-18
Site B,投影仪,4,2024-07-19
Site B,投影仪,4,2024-07-20
Site B,投影仪,4,2024-07-21
Site B,投影仪,4,2024-07-22
Site B,投影仪,4,2024-07-23
Site B,投影仪,4,2024-07-24
Site B,投影仪,4,2024-07-25
Site B,投影仪,4,2024-07-26
Site B,投影仪,4,2024-07-27
Site B,投影仪,4,2024-07-28
Site B,投影仪,4,2024-07-29
Site B,投影仪,4,2024-07-30
Site B,扫描仪,6,2024-06-01
Site B,扫描仪,6,2024-06-02
Site B,扫描仪,6,2024-06-03
Site B,扫描仪,6,2024-06-04
Site B,扫描仪,6,2024-06-05
Site B,扫描仪,6,2024-06-06
Site B,扫描仪,6,2024-06-07
Site B,扫描仪,6,2024-06-08
Site B,扫描仪,6,2024-06-09
Site B,扫描仪,6,2024-06-10
Site B,扫描仪,6,2024-06-11
Site B,扫描仪,6,2024-06-12
Site B,扫描仪,6,2024-06-13
Site B,扫描仪,6,2024-06-14
Site B,扫描仪,6,2024-06-15
Site B,扫描仪,6,2024-06-16
Site B,扫描仪,6,2024-06-17
Site B,扫描仪,6,2024-06-18
Site B,扫描仪,6,2024-06-19
Site B,扫描仪,6,2024-06-20
Site B,扫描仪,6,2024-06-21
Site B,扫描仪,6,2024-06-22
Site B,扫描仪,6,2024-06-23
Site B,扫描仪,6,2024-06-24
Site B,扫描仪,6,2024-06-25
Site B,扫描仪,6,2024-06-26
Site B,扫描仪,6,2024-06-27
Site B,扫描仪,6,2024-06-28
Site B,扫描仪,6,2024-06-29
Site B,扫描仪,6,2024-06-30
Site B,扫描仪,5,2024-07-01
Site B,扫描仪,5,2024-07-02
Site B,扫描仪,5,2024-07-03
Site B,扫描仪,5,2024-07-04
Site B,扫描仪,5,2024-07-05
Site B,扫描仪,5,2024-07-06
Site B,扫描仪,5,2024-07-07
Site B,扫描仪,5,2024-07-08
Site B,扫描仪,5,2024-07-09
Site B,扫描仪,5,2024-07-10
Site B,扫描仪,5,2024-07-11
Site B,扫描仪,5,2024-07-12
Site B,扫描仪,5,2024-07-13
Site B,扫描仪,5,2024-07-14
Site B,扫描仪,5,2024-07-15
Site B,扫描仪,5,2024-07-16
Site B,扫描仪,5,2024-07-17
Site B,扫描仪,5,2024-07-18
Site B,扫描仪,5,2024-07-19
Site B,扫描仪,5,2024-07-20
Site B,扫描仪,5,2024-07-21
Site B,扫描仪,5,2024-07-22
Site B,扫描仪,5,2024-07-23
Site B,扫描仪,5,2024-07-24
Site B,扫描仪,5,2024-07-25
Site B,扫描仪,5,2024-07-26
Site B,扫描仪,5,2024-07-27
Site B,扫描仪,5,2024-07-28
Site B,扫描仪,5,2024-07-29
Site B,扫描仪,5,2024-07-30
Site B,碎纸机,7,2024-06-01
Site B,碎纸机,7,2024-06-02
Site B,碎纸机,7,2024-06-03
Site B,碎纸机,7,2024-06-04
Site B,碎纸机,7,2024-06-05
Site B,碎纸机,7,2024-06-06
Site B,碎纸机,7,2024-06-07
Site B,碎纸机,7,2024-06-08
Site B,碎纸机,7,2024-06-09
Site B,碎纸机,7,2024-06-10
Site B,碎纸机,7,2024-06-11
Site B,碎纸机,7,2024-06-12
Site B,碎纸机,7,2024-06-13
Site B,碎纸机,7,2024-06-14
Site B,碎纸机,7,2024-06-15
Site B,碎纸机,7,2024-06-16
Site B,碎纸机,7,2024-06-17
Site B,碎纸机,7,2024-06-18
Site B,碎纸机,7,2024-06-19
Site B,碎纸机,7,2024-06-20
Site B,碎纸机,7,2024-06-21
Site B,碎纸机,7,2024-06-22
Site B,碎纸机,7,2024-06-23
Site B,碎纸机,7,2024-06-24
Site B,碎纸机,7,2024-06-25
Site B,碎纸机,7,2024-06-26
Site B,碎纸机,7,2024-06-27
Site B,碎纸机,7,2024-06-28
Site B,碎纸机,7,2024-06-29
Site B,碎纸机,7,2024-06-30
Site B,碎纸机,6,2024-07-01
Site B,碎纸机,6,2024-07-02
Site B,碎纸机,6,2024-07-03
Site B,碎纸机,6,2024-07-04
Site B,碎纸机,6,2024-07-05
Site B,碎纸机,6,2024-07-06
Site B,碎纸机,6,2024-07-07
Site B,碎纸机,6,2024-07-08
Site B,碎纸机,6,2024-07-09
Site B,碎纸机,6,2024-07-10
Site B,碎纸机,6,2024-07-11
Site B,碎纸机,6,2024-07-12
Site B,碎纸机,6,2024-07-13
Site B,碎纸机,6,2024-07-14
Site B,碎纸机,6,2024-07-15
Site B,碎纸机,6,2024-07-16
Site B,碎纸机,6,2024-07-17
Site B,碎纸机,6,2024-07-18
Site B,碎纸机,6,2024-07-19
Site B,碎纸机,6,2024-07-20
Site B,碎纸机,6,2024-07-21
Site B,碎纸机,6,2024-07-22
Site B,碎纸机,6,2024-07-23
Site B,碎纸机,6,2024-07-24
Site B,碎纸机,6,2024-07-25
Site B,碎纸机,6,2024-07-26
Site B,碎纸机,6,2024-07-27
Site B,碎纸机,6,2024-07-28
Site B,碎纸机,6,2024-07-29
Site B,碎纸机,6,2024-07-30
Site B,订书机,8,2024-06-01
Site B,订书机,8,2024-06-02
Site B,订书机,8,2024-06-03
Site B,订书机,8,2024-06-04
Site B,订书机,8,2024-06-05
Site B,订书机,8,2024-06-06
Site B,订书机,8,2024-06-07
Site B,订书机,8,2024-06-08
Site B,订书机,8,2024-06-09
Site B,订书机,8,2024-06-10
Site B,订书机,8,2024-06-11
Site B,订书机,8,2024-06-12
Site B,订书机,8,2024-06-13
Site B,订书机,8,2024-06-14
Site B,订书机,8,2024-06-15
Site B,订书机,8,2024-06-16
Site B,订书机,8,2024-06-17
Site B,订书机,8,2024-06-18
Site B,订书机,8,2024-06-19
Site B,订书机,8,2024-06-20
Site B,订书机,8,2024-06-21
Site B,订书机,8,2024-06-22
Site B,订书机,8,2024-06-23
Site B,订书机,8,2024-06-24
Site B,订书机,8,2024-06-25
Site B,订书机,8,2024-06-26
Site B,订书机,8,2024-06-27
Site B,订书机,8,2024-06-28
Site B,订书机,8,2024-06-29
Site B,订书机,8,2024-06-30
Site B,订书机,7,2024-07-01
Site B,订书机,7,2024-07-02
Site B,订书机,7,2024-07-03
Site B,订书机,7,2024-07-04
Site B,订书机,7,2024-07-05
Site B,订书机,7,2024-07-06
Site B,订书机,7,2024-07-07
Site B,订书机,7,2024-07-08
Site B,订书机,7,2024-07-09
Site B,订书机,7,2024-07-10
Site B,订书机,7,2024-07-11
Site B,订书机,7,2024-07-12
Site B,订书机,7,2024-07-13
Site B,订书机,7,2024-07-14
Site B,订书机,7,2024-07-15
Site B,订书机,7,2024-07-16
Site B,订书机,7,2024-07-17
Site B,订书机,7,2024-07-18
Site B,订书机,7,2024-07-19
Site B,订书机,7,2024-07-20
Site B,订书机,7,2024-07-21
Site B,订书机,7,2024-07-22
Site B,订书机,7,2024-07-23
Site B,订书机,7,2024-07-24
Site B,订书机,7,2024-07-25
Site B,订书机,7,2024-07-26
Site B,订书机,7,2024-07-27
Site B,订书机,7,2024-07-28
Site B,订书机,7,2024-07-29
Site B,订书机,7,2024-07-30
Site B,文件柜,9,2024-06-01
Site B,文件柜,9,2024-06-02
Site B,文件柜,9,2024-06-03
Site B,文件柜,9,2024-06-04
Site B,文件柜,9,2024-06-05
Site B,文件柜,9,2024-06-06
Site B,文件柜,9,2024-06-07
Site B,文件柜,9,2024-06-08
Site B,文件柜,9,2024-06-09
Site B,文件柜,9,2024-06-10
Site B,文件柜,9,2024-06-11
Site B,文件柜,9,2024-06-12
Site B,文件柜,9,2024-06-13
Site B,文件柜,9,2024-06-14
Site B,文件柜,9,2024-06-15
Site B,文件柜,9,2024-06-16
Site B,文件柜,9,2024-06-17
Site B,文件柜,9,2024-06-18
Site B,文件柜,9,2024-06-19
Site B,文件柜,9,2024-06-20
Site B,文件柜,9,2024-06-21
Site B,文件柜,9,2024-06-22
Site B,文件柜,9,2024-06-23
Site B,文件柜,9,2024-06-24
Site B,文件柜,9,2024-06-25
Site B,文件柜,9,2024-06-26
Site B,文件柜,9,2024-06-27
Site B,文件柜,9,2024-06-28
Site B,文件柜,9,2024-06-29
Site B,文件柜,9,2024-06-30
Site B,文件柜,8,2024-07-01
Site B,文件柜,8,2024-07-02
Site B,文件柜,8,2024-07-03
Site B,文件柜,8,2024-07-04
Site B,文件柜,8,2024-07-05
Site B,文件柜,8,2024-07-06
Site B,文件柜,8,2024-07-07
Site B,文件柜,8,2024-07-08
Site B,文件柜,8,2024-07-09
Site B,文件柜,8,2024-07-10
Site B,文件柜,8,2024-07-11
Site B,文件柜,8,2024-07-12
Site B,文件柜,8,2024-07-13
Site B,文件柜,8,2024-07-14
Site B,文件柜,8,2024-07-15
Site B,文件柜,8,2024-07-16
Site B,文件柜,8,2024-07-17
Site B,文件柜,8,2024-07-18
Site B,文件柜,8,2024-07-19
Site B,文件柜,8,2024-07-20
Site B,文件柜,8,2024-07-21
Site B,文件柜,8,2024-07-22
Site B,文件柜,8,2024-07-23
Site B,文件柜,8,2024-07-24
Site B,文件柜,8,2024-07-25
Site B,文件柜,8,2024-07-26
Site B,文件柜,8,2024-07-27
Site B,文件柜,8,2024-07-28
Site B,文件柜,8,2024-07-29
Site B,文件柜,8,2024-07-30
Site B,白板,10,2024-06-01
Site B,白板,10,2024-06-02
Site B,白板,10,2024-06-03
Site B,白板,10,2024-06-04
Site B,白板,10,2024-06-05
Site B,白板,10,2024-06-06
Site B,白板,10,2024-06-07
Site B,白板,10,2024-06-08
Site B,白板,10,2024-06-09
Site B,白板,10,2024-06-10
Site B,白板,10,2024-06-11
Site B,白板,10,2024-06-12
Site B,白板,10,2024-06-13
Site B,白板,10,2024-06-14
Site B,白板,10,2024-06-15
Site B,白板,10,2024-06-16
Site B,白板,10,2024-06-17
Site B,白板,10,2024-06-18
Site B,白板,10,2024-06-19
Site B,白板,10,2024-06-20
Site B,白板,10,2024-06-21
Site B,白板,10,2024-06-22
Site B,白板,10,2024-06-23
Site B,白板,10,2024-06-24
Site B,白板,10,2024-06-25
Site B,白板,10,2024-06-26
Site B,白板,10,2024-06-27
Site B,白板,10,2024-06-28
Site B,白板,10,2024-06-29
Site B,白板,10,2024-06-30
Site B,白板,9,2024-07-01
Site B,白板,9,2024-07-02
Site B,白板,9,2024-07-03
Site B,白板,9,2024-07-04
Site B,白板,9,2024-07-05
Site B,白板,9,2024-07-06
Site B,白板,9,2024-07-07
Site B,白板,9,2024-07-08
Site B,白板,9,2024-07-09
Site B,白板,9,2024-07-10
Site B,白板,9,2024-07-11
Site B,白板,9,2024-07-12
Site B,白板,9,2024-07-13
Site B,白板,9,2024-07-14
Site B,白板,9,2024-07-15
Site B,白板,9,2024-07-16
Site B,白板,9,2024-07-17
Site B,白板,9,2024-07-18
Site B,白板,9,2024-07-19
Site B,白板,9,2024-07-20
Site B,白板,9,2024-07-21
Site B,白板,9,2024-07-22
Site B,白板,9,2024-07-23
Site B,白板,9,2024-07-24
Site B,白板,9,2024-07-25
Site B,白板,9,2024-07-26
Site B,白板,9,2024-07-27
Site B,白板,9,2024-07-28
Site B,白板,9,2024-07-29
Site B,白板,9,2024-07-30
Site B,会议系统,11,2024-06-01
Site B,会议系统,11,2024-06-02
Site B,会议系统,11,2024-06-03
Site B,会议系统,11,2024-06-04
Site B,会议系统,11,2024-06-05
Site B,会议系统,11,2024-06-06
Site B,会议系统,11,2024-06-07
Site B,会议系统,11,2024-06-08
Site B,会议系统,11,2024-06-09
Site B,会议系统,11,2024-06-10
Site B,会议系统,11,2024-06-11
Site B,会议系统,11,2024-06-12
Site B,会议系统,11,2024-06-13
Site B,会议系统,11,2024-06-14
Site B,会议系统,11,2024-06-15
Site B,会议系统,11,2024-06-16
Site B,会议系统,11,2024-06-17
Site B,会议系统,11,2024-06-18
Site B,会议系统,11,2024-06-19
Site B,会议系统,11,2024-06-20
Site B,会议系统,11,2024-06-21
Site B,会议系统,11,2024-06-22
Site B,会议系统,11,2024-06-23
Site B,会议系统,11,2024-06-24
Site B,会议系统,11,2024-06-25
Site B,会议系统,11,2024-06-26
Site B,会议系统,11,2024-06-27
Site B,会议系统,11,2024-06-28
Site B,会议系统,11,2024-06-29
Site B,会议系统,11,2024-06-30
Site B,会议系统,10,2024-07-01
Site B,会议系统,10,2024-07-02
Site B,会议系统,10,2024-07-03
Site B,会议系统,10,2024-07-04
Site B,会议系统,10,2024-07-05
Site B,会议系统,10,2024-07-06
Site B,会议系统,10,2024-07-07
Site B,会议系统,10,2024-07-08
Site B,会议系统,10,2024-07-09
Site B,会议系统,10,2024-07-10
Site B,会议系统,10,2024-07-11
Site B,会议系统,10,2024-07-12
Site B,会议系统,10,2024-07-13
Site B,会议系统,10,2024-07-14
Site B,会议系统,10,2024-07-15
Site B,会议系统,10,2024-07-16
Site B,会议系统,10,2024-07-17
Site B,会议系统,10,2024-07-18
Site B,会议系统,10,2024-07-19
Site B,会议系统,10,2024-07-20
Site B,会议系统,10,2024-07-21
Site B,会议系统,10,2024-07-22
Site B,会议系统,10,2024-07-23
Site B,会议系统,10,2024-07-24
Site B,会议系统,10,2024-07-25
Site B,会议系统,10,2024-07-26
Site B,会议系统,10,2024-07-27
Site B,会议系统,10,2024-07-28
Site B,会议系统,10,2024-07-29
Site B,会议系统,10,2024-07-30
Site B,网络交换机,12,2024-06-01
Site B,网络交换机,12,2024-06-02
Site B,网络交换机,12,2024-06-03
Site B,网络交换机,12,2024-06-04
Site B,网络交换机,12,2024-06-05
Site B,网络交换机,12,2024-06-06
Site B,网络交换机,12,2024-06-07
Site B,网络交换机,12,2024-06-08
Site B,网络交换机,12,2024-06-09
Site B,网络交换机,12,2024-06-10
Site B,网络交换机,12,2024-06-11
Site B,网络交换机,12,2024-06-12
Site B,网络交换机,12,2024-06-13
Site B,网络交换机,12,2024-06-14
Site B,网络交换机,12,2024-06-15
Site B,网络交换机,12,2024-06-16
Site B,网络交换机,12,2024-06-17
Site B,网络交换机,12,2024-06-18
Site B,网络交换机,12,2024-06-19
Site B,网络交换机,12,2024-06-20
Site B,网络交换机,12,2024-06-21
Site B,网络交换机,12,2024-06-22
Site B,网络交换机,12,2024-06-23
Site B,网络交换机,12,2024-06-24
Site B,网络交换机,12,2024-06-25
Site B,网络交换机,12,2024-06-26
Site B,网络交换机,12,2024-06-27
Site B,网络交换机,12,2024-06-28
Site B,网络交换机,12,2024-06-29
Site B,网络交换机,12,2024-06-30
Site B,网络交换机,11,2024-07-01
Site B,网络交换机,11,2024-07-02
Site B,网络交换机,11,2024-07-03
Site B,网络交换机,11,2024-07-04
Site B,网络交换机,11,2024-07-05
Site B,网络交换机,11,2024-07-06
Site B,网络交换机,11,2024-07-07
Site B,网络交换机,11,2024-07-08
Site B,网络交换机,11,2024-07-09
Site B,网络交换机,11,2024-07-10
Site B,网络交换机,11,2024-07-11
Site B,网络交换机,11,2024-07-12
Site B,网络交换机,11,2024-07-13
Site B,网络交换机,11,2024-07-14
Site B,网络交换机,11,2024-07-15
Site B,网络交换机,11,2024-07-16
Site B,网络交换机,11,2024-07-17
Site B,网络交换机,11,2024-07-18
Site B,网络交换机,11,2024-07-19
Site B,网络交换机,11,2024-07-20
Site B,网络交换机,11,2024-07-21
Site B,网络交换机,11,2024-07-22
Site B,网络交换机,11,2024-07-23
Site B,网络交换机,11,2024-07-24
Site B,网络交换机,11,2024-07-25
Site B,网络交换机,11,2024-07-26
Site B,网络交换机,11,2024-07-27
Site B,网络交换机,11,2024-07-28
Site B,网络交换机,11,2024-07-29
Site B,网络交换机,11,2024-07-30
Site B,防火墙,13,2024-06-01
Site B,防火墙,13,2024-06-02
Site B,防火墙,13,2024-06-03
Site B,防火墙,13,2024-06-04
Site B,防火墙,13,2024-06-05
Site B,防火墙,13,2024-06-06
Site B,防火墙,13,2024-06-07
Site B,防火墙,13,2024-06-08
Site B,防火墙,13,2024-06-09
Site B,防火墙,13,2024-06-10
Site B,防火墙,13,2024-06-11
Site B,防火墙,13,2024-06-12
Site B,防火墙,13,2024-06-13
Site B,防火墙,13,2024-06-14
Site B,防火墙,13,2024-06-15
Site B,防火墙,13,2024-06-16
Site B,防火墙,13,2024-06-17
Site B,防火墙,13,2024-06-18
Site B,防火墙,13,2024-06-19
Site B,防火墙,13,2024-06-20
Site B,防火墙,13,2024-06-21
Site B,防火墙,13,2024-06-22
Site B,防火墙,13,2024-06-23
Site B,防火墙,13,2024-06-24
Site B,防火墙,13,2024-06-25
Site B,防火墙,13,2024-06-26
Site B,防火墙,13,2024-06-27
Site B,防火墙,13,2024-06-28
Site B,防火墙,13,2024-06-29
Site B,防火墙,13,2024-06-30
Site B,防火墙,12,2024-07-01
Site B,防火墙,12,2024-07-02
Site B,防火墙,12,2024-07-03
Site B,防火墙,12,2024-07-04
Site B,防火墙,12,2024-07-05
Site B,防火墙,12,2024-07-06
Site B,防火墙,12,2024-07-07
Site B,防火墙,12,2024-07-08
Site B,防火墙,12,2024-07-09
Site B,防火墙,12,2024-07-10
Site B,防火墙,12,2024-07-11
Site B,防火墙,12,2024-07-12
Site B,防火墙,12,2024-07-13
Site B,防火墙,12,2024-07-14
Site B,防火墙,12,2024-07-15
Site B,防火墙,12,2024-07-16
Site B,防火墙,12,2024-07-17
Site B,防火墙,12,2024-07-18
Site B,防火墙,12,2024-07-19
Site B,防火墙,12,2024-07-20
Site B,防火墙,12,2024-07-21
Site B,防火墙,12,2024-07-22
Site B,防火墙,12,2024-07-23
Site B,防火墙,12,2024-07-24
Site B,防火墙,12,2024-07-25
Site B,防火墙,12,2024-07-26
Site B,防火墙,12,2024-07-27
Site B,防火墙,12,2024-07-28
Site B,防火墙,12,2024-07-29
Site B,防火墙,12,2024-07-30
Site B,服务器,14,2024-06-01
Site B,服务器,14,2024-06-02
Site B,服务器,14,2024-06-03
Site B,服务器,14,2024-06-04
Site B,服务器,14,2024-06-05
Site B,服务器,14,2024-06-06
Site B,服务器,14,2024-06-07
Site B,服务器,14,2024-06-08
Site B,服务器,14,2024-06-09
Site B,服务器,14,2024-06-10
Site B,服务器,14,2024-06-11
Site B,服务器,14,2024-06-12
Site B,服务器,14,2024-06-13
Site B,服务器,14,2024-06-14
Site B,服务器,14,2024-06-15
Site B,服务器,14,2024-06-16
Site B,服务器,14,2024-06-17
Site B,服务器,14,2024-06-18
Site B,服务器,14,2024-06-19
Site B,服务器,14,2024-06-20
Site B,服务器,14,2024-06-21
Site B,服务器,14,2024-06-22
Site B,服务器,14,2024-06-23
Site B,服务器,14,2024-06-24
Site B,服务器,14,2024-06-25
Site B,服务器,14,2024-06-26
Site B,服务器,14,2024-06-27
Site B,服务器,14,2024-06-28
Site B,服务器,14,2024-06-29
Site B,服务器,14,2024-06-30
Site B,服务器,13,2024-07-01
Site B,服务器,13,2024-07-02
Site B,服务器,13,2024-07-03
Site B,服务器,13,2024-07-04
Site B,服务器,13,2024-07-05
Site B,服务器,13,2024-07-06
Site B,服务器,13,2024-07-07
Site B,服务器,13,2024-07-08
Site B,服务器,13,2024-07-09
Site B,服务器,13,2024-07-10
Site B,服务器,13,2024-07-11
Site B,服务器,13,2024-07-12
Site B,服务器,13,2024-07-13
Site B,服务器,13,2024-07-14
Site B,服务器,13,2024-07-15
Site B,服务器,13,2024-07-16
Site B,服务器,13,2024-07-17
Site B,服务器,13,2024-07-18
Site B,服务器,13,2024-07-19
Site B,服务器,13,2024-07-20
Site B,服务器,13,2024-07-21
Site B,服务器,13,2024-07-22
Site B,服务器,13,2024-07-23
Site B,服务器,13,2024-07-24
Site B,服务器,13,2024-07-25
Site B,服务器,13,2024-07-26
Site B,服务器,13,2024-07-27
Site B,服务器,13,2024-07-28
Site B,服务器,13,2024-07-29
Site B,服务器,13,2024-07-30
Site B,云存储,15,2024-06-01
Site B,云存储,15,2024-06-02
Site B,云存储,15,2024-06-03
Site B,云存储,15,2024-06-04
Site B,云存储,15,2024-06-05
Site B,云存储,15,2024-06-06
Site B,云存储,15,2024-06-07
Site B,云存储,15,2024-06-08
Site B,云存储,15,2024-06-09
Site B,云存储,15,2024-06-10
Site B,云存储,15,2024-06-11
Site B,云存储,15,2024-06-12
Site B,云存储,15,2024-06-13
Site B,云存储,15,2024-06-14
Site B,云存储,15,2024-06-15
Site B,云存储,15,2024-06-16
Site B,云存储,15,2024-06-17
Site B,云存储,15,2024-06-18
Site B,云存储,15,2024-06-19
Site B,云存储,15,2024-06-20
Site B,云存储,15,2024-06-21
Site B,云存储,15,2024-06-22
Site B,云存储,15,2024-06-23
Site B,云存储,15,2024-06-24
Site B,云存储,15,2024-06-25
Site B,云存储,15,2024-06-26
Site B,云存储,15,2024-06-27
Site B,云存储,15,2024-06-28
Site B,云存储,15,2024-06-29
Site B,云存储,15,2024-06-30
Site B,云存储,14,2024-07-01
Site B,云存储,14,2024-07-02
Site B,云存储,14,2024-07-03
Site B,云存储,14,2024-07-04
Site B,云存储,14,2024-07-05
Site B,云存储,14,2024-07-06
Site B,云存储,14,2024-07-07
Site B,云存储,14,2024-07-08
Site B,云存储,14,2024-07-09
Site B,云存储,14,2024-07-10
Site B,云存储,14,2024-07-11
Site B,云存储,14,2024-07-12
Site B,云存储,14,2024-07-13
Site B,云存储,14,2024-07-14
Site B,云存储,14,2024-07-15
Site B,云存储,14,2024-07-16
Site B,云存储,14,2024-07-17
Site B,云存储,14,2024-07-18
Site B,云存储,14,2024-07-19
Site B,云存储,14,2024-07-20
Site B,云存储,14,2024-07-21
Site B,云存储,14,2024-07-22
Site B,云存储,14,2024-07-23
Site B,云存储,14,2024-07-24
Site B,云存储,14,2024-07-25
Site B,云存储,14,2024-07-26
Site B,云存储,14,2024-07-27
Site B,云存储,14,2024-07-28
Site B,云存储,14,2024-07-29
Site B,云存储,14,2024-07-30
Site B,备份软件,16,2024-06-01
Site B,备份软件,16,2024-06-02
Site B,备份软件,16,2024-06-03
Site B,备份软件,16,2024-06-04
Site B,备份软件,16,2024-06-05
Site B,备份软件,16,2024-06-06
Site B,备份软件,16,2024-06-07
Site B,备份软件,16,2024-06-08
Site B,备份软件,16,2024-06-09
Site B,备份软件,16,2024-06-10
Site B,备份软件,16,2024-06-11
Site B,备份软件,16,2024-06-12
Site B,备份软件,16,2024-06-13
Site B,备份软件,16,2024-06-14
Site B,备份软件,16,2024-06-15
Site B,备份软件,16,2024-06-16
Site B,备份软件,16,2024-06-17
Site B,备份软件,16,2024-06-18
Site B,备份软件,16,2024-06-19
Site B,备份软件,16,2024-06-20
Site B,备份软件,16,2024-06-21
Site B,备份软件,16,2024-06-22
Site B,备份软件,16,2024-06-23
Site B,备份软件,16,2024-06-24
Site B,备份软件,16,2024-06-25
Site B,备份软件,16,2024-06-26
Site B,备份软件,16,2024-06-27
Site B,备份软件,16,2024-06-28
Site B,备份软件,16,2024-06-29
Site B,备份软件,16,2024-06-30
Site B,备份软件,15,2024-07-01
Site B,备份软件,15,2024-07-02
Site B,备份软件,15,2024-07-03
Site B,备份软件,15,2024-07-04
Site B,备份软件,15,2024-07-05
Site B,备份软件,15,2024-07-06
Site B,备份软件,15,2024-07-07
Site B,备份软件,15,2024-07-08
Site B,备份软件,15,2024-07-09
Site B,备份软件,15,2024-07-10
Site B,备份软件,15,2024-07-11
Site B,备份软件,15,2024-07-12
Site B,备份软件,15,2024-07-13
Site B,备份软件,15,2024-07-14
Site B,备份软件,15,2024-07-15
Site B,备份软件,15,2024-07-16
Site B,备份软件,15,2024-07-17
Site B,备份软件,15,2024-07-18
Site B,备份软件,15,2024-07-19
Site B,备份软件,15,2024-07-20
Site B,备份软件,15,2024-07-21
Site B,备份软件,15,2024-07-22
Site B,备份软件,15,2024-07-23
Site B,备份软件,15,2024-07-24
Site B,备份软件,15,2024-07-25
Site B,备份软件,15,2024-07-26
Site B,备份软件,15,2024-07-27
Site B,备份软件,15,2024-07-28
Site B,备份软件,15,2024-07-29
Site B,备份软件,15,2024-07-30
Site B,杀毒软件,17,2024-06-01
Site B,杀毒软件,17,2024-06-02
Site B,杀毒软件,17,2024-06-03
Site B,杀毒软件,17,2024-06-04
Site B,杀毒软件,17,2024-06-05
Site B,杀毒软件,17,2024-06-06
Site B,杀毒软件,17,2024-06-07
Site B,杀毒软件,17,2024-06-08
Site B,杀毒软件,17,2024-06-09
Site B,杀毒软件,17,2024-06-10
Site B,杀毒软件,17,2024-06-11
Site B,杀毒软件,17,2024-06-12
Site B,杀毒软件,17,2024-06-13
Site B,杀毒软件,17,2024-06-14
Site B,杀毒软件,17,2024-06-15
Site B,杀毒软件,17,2024-06-16
Site B,杀毒软件,17,2024-06-17
Site B,杀毒软件,17,2024-06-18
Site B,杀毒软件,17,2024-06-19
Site B,杀毒软件,17,2024-06-20
Site B,杀毒软件,17,2024-06-21
Site B,杀毒软件,17,2024-06-22
Site B,杀毒软件,17,2024-06-23
Site B,杀毒软件,17,2024-06-24
Site B,杀毒软件,17,2024-06-25
Site B,杀毒软件,17,2024-06-26
Site B,杀毒软件,17,2024-06-27
Site B,杀毒软件,17,2024-06-28
Site B,杀毒软件,17,2024-06-29
Site B,杀毒软件,17,2024-06-30
Site B,杀毒软件,16,2024-07-01
Site B,杀毒软件,16,2024-07-02
Site B,杀毒软件,16,2024-07-03
Site B,杀毒软件,16,2024-07-04
Site B,杀毒软件,16,2024-07-05
Site B,杀毒软件,16,2024-07-06
Site B,杀毒软件,16,2024-07-07
Site B,杀毒软件,16,2024-07-08
Site B,杀毒软件,16,2024-07-09
Site B,杀毒软件,16,2024-07-10
Site B,杀毒软件,16,2024-07-11
Site B,杀毒软件,16,2024-07-12
Site B,杀毒软件,16,2024-07-13
Site B,杀毒软件,16,2024-07-14
Site B,杀毒软件,16,2024-07-15
Site B,杀毒软件,16,2024-07-16
Site B,杀毒软件,16,2024-07-17
Site B,杀毒软件,16,2024-07-18
Site B,杀毒软件,16,2024-07-19
Site B,杀毒软件,16,2024-07-20
Site B,杀毒软件,16,2024-07-21
Site B,杀毒软件,16,2024-07-22
Site B,杀毒软件,16,2024-07-23
Site B,杀毒软件,16,2024-07-24
Site B,杀毒软件,16,2024-07-25
Site B,杀毒软件,16,2024-07-26
Site B,杀毒软件,16,2024-07-27
Site B,杀毒软件,16,2024-07-28
Site B,杀毒软件,16,2024-07-29
Site B,杀毒软件,16,2024-07-30
Site B,CRM系统,18,2024-06-01
Site B,CRM系统,18,2024-06-02
Site B,CRM系统,18,2024-06-03
Site B,CRM系统,18,2024-06-04
Site B,CRM系统,18,2024-06-05
Site B,CRM系统,18,2024-06-06
Site B,CRM系统,18,2024-06-07
Site B,CRM系统,18,2024-06-08
Site B,CRM系统,18,2024-06-09
Site B,CRM系统,18,2024-06-10
Site B,CRM系统,18,2024-06-11
Site B,CRM系统,18,2024-06-12
Site B,CRM系统,18,2024-06-13
Site B,CRM系统,18,2024-06-14
Site B,CRM系统,18,2024-06-15
Site B,CRM系统,18,2024-06-16
Site B,CRM系统,18,2024-06-17
Site B,CRM系统,18,2024-06-18
Site B,CRM系统,18,2024-06-19
Site B,CRM系统,18,2024-06-20
Site B,CRM系统,18,2024-06-21
Site B,CRM系统,18,2024-06-22
Site B,CRM系统,18,2024-06-23
Site B,CRM系统,18,2024-06-24
Site B,CRM系统,18,2024-06-25
Site B,CRM系统,18,2024-06-26
Site B,CRM系统,18,2024-06-27
Site B,CRM系统,18,2024-06-28
Site B,CRM系统,18,2024-06-29
Site B,CRM系统,18,2024-06-30
Site B,CRM系统,17,2024-07-01
Site B,CRM系统,17,2024-07-02
Site B,CRM系统,17,2024-07-03
Site B,CRM系统,17,2024-07-04
Site B,CRM系统,17,2024-07-05
Site B,CRM系统,17,2024-07-06
Site B,CRM系统,17,2024-07-07
Site B,CRM系统,17,2024-07-08
Site B,CRM系统,17,2024-07-09
Site B,CRM系统,17,2024-07-10
Site B,CRM系统,17,2024-07-11
Site B,CRM系统,17,2024-07-12
Site B,CRM系统,17,2024-07-13
Site B,CRM系统,17,2024-07-14
Site B,CRM系统,17,2024-07-15
Site B,CRM系统,17,2024-07-16
Site B,CRM系统,17,2024-07-17
Site B,CRM系统,17,2024-07-18
Site B,CRM系统,17,2024-07-19
Site B,CRM系统,17,2024-07-20
Site B,CRM系统,17,2024-07-21
Site B,CRM系统,17,2024-07-22
Site B,CRM系统,17,2024-07-23
Site B,CRM系统,17,2024-07-24
Site B,CRM系统,17,2024-07-25
Site B,CRM系统,17,2024-07-26
Site B,CRM系统,17,2024-07-27
Site B,CRM系统,17,2024-07-28
Site B,CRM系统,17,2024-07-29
Site B,CRM系统,17,2024-07-30
Site B,ERP系统,19,2024-06-01
Site B,ERP系统,19,2024-06-02
Site B,ERP系统,19,2024-06-03
Site B,ERP系统,19,2024-06-04
Site B,ERP系统,19,2024-06-05
Site B,ERP系统,19,2024-06-06
Site B,ERP系统,19,2024-06-07
Site B,ERP系统,19,2024-06-08
Site B,ERP系统,19,2024-06-09
Site B,ERP系统,19,2024-06-10
Site B,ERP系统,19,2024-06-11
Site B,ERP系统,19,2024-06-12
Site B,ERP系统,19,2024-06-13
Site B,ERP系统,19,2024-06-14
Site B,ERP系统,19,2024-06-15
Site B,ERP系统,19,2024-06-16
Site B,ERP系统,19,2024-06-17
Site B,ERP系统,19,2024-06-18
Site B,ERP系统,19,2024-06-19
Site B,ERP系统,19,2024-06-20
Site B,ERP系统,19,2024-06-21
Site B,ERP系统,19,2024-06-22
Site B,ERP系统,19,2024-06-23
Site B,ERP系统,19,2024-06-24
Site B,ERP系统,19,2024-06-25
Site B,ERP系统,19,2024-06-26
Site B,ERP系统,19,2024-06-27
Site B,ERP系统,19,2024-06-28
Site B,ERP系统,19,2024-06-29
Site B,ERP系统,19,2024-06-30
Site B,ERP系统,18,2024-07-01
Site B,ERP系统,18,2024-07-02
Site B,ERP系统,18,2024-07-03
Site B,ERP系统,18,2024-07-04
Site B,ERP系统,18,2024-07-05
Site B,ERP系统,18,2024-07-06
Site B,ERP系统,18,2024-07-07
Site B,ERP系统,18,2024-07-08
Site B,ERP系统,18,2024-07-09
Site B,ERP系统,18,2024-07-10
Site B,ERP系统,18,2024-07-11
Site B,ERP系统,18,2024-07-12
Site B,ERP系统,18,2024-07-13
Site B,ERP系统,18,2024-07-14
Site B,ERP系统,18,2024-07-15
Site B,ERP系统,18,2024-07-16
Site B,ERP系统,18,2024-07-17
Site B,ERP系统,18,2024-07-18
Site B,ERP系统,18,2024-07-19
Site B,ERP系统,18,2024-07-20
Site B,ERP系统,18,2024-07-21
Site B,ERP系统,18,2024-07-22
Site B,ERP系统,18,2024-07-23
Site B,ERP系统,18,2024-07-24
Site B,ERP系统,18,2024-07-25
Site B,ERP系统,18,2024-07-26
Site B,ERP系统,18,2024-07-27
Site B,ERP系统,18,2024-07-28
Site B,ERP系统,18,2024-07-29
Site B,ERP系统,18,2024-07-30
Site B,数据分析,20,2024-06-01
Site B,数据分析,20,2024-06-02
Site B,数据分析,20,2024-06-03
Site B,数据分析,20,2024-06-04
Site B,数据分析,20,2024-06-05
Site B,数据分析,20,2024-06-06
Site B,数据分析,20,2024-06-07
Site B,数据分析,20,2024-06-08
Site B,数据分析,20,2024-06-09
Site B,数据分析,20,2024-06-10
Site B,数据分析,20,2024-06-11
Site B,数据分析,20,2024-06-12
Site B,数据分析,20,2024-06-13
Site B,数据分析,20,2024-06-14
Site B,数据分析,20,2024-06-15
Site B,数据分析,20,2024-06-16
Site B,数据分析,20,2024-06-17
Site B,数据分析,20,2024-06-18
Site B,数据分析,20,2024-06-19
Site B,数据分析,20,2024-06-20
Site B,数据分析,20,2024-06-21
Site B,数据分析,20,2024-06-22
Site B,数据分析,20,2024-06-23
Site B,数据分析,20,2024-06-24
Site B,数据分析,20,2024-06-25
Site B,数据分析,20,2024-06-26
Site B,数据分析,20,2024-06-27
Site B,数据分析,20,2024-06-28
Site B,数据分析,20,2024-06-29
Site B,数据分析,20,2024-06-30
Site B,数据分析,19,2024-07-01
Site B,数据分析,19,2024-07-02
Site B,数据分析,19,2024-07-03
Site B,数据分析,19,2024-07-04
Site B,数据分析,19,2024-07-05
Site B,数据分析,19,2024-07-06
Site B,数据分析,19,2024-07-07
Site B,数据分析,19,2024-07-08
Site B,数据分析,19,2024-07-09
Site B,数据分析,19,2024-07-10
Site B,数据分析,19,2024-07-11
Site B,数据分析,19,2024-07-12
Site B,数据分析,19,2024-07-13
Site B,数据分析,19,2024-07-14
Site B,数据分析,19,2024-07-15
Site B,数据分析,19,2024-07-16
Site B,数据分析,19,2024-07-17
Site B,数据分析,19,2024-07-18
Site B,数据分析,19,2024-07-19
Site B,数据分析,19,2024-07-20
Site B,数据分析,19,2024-07-21
Site B,数据分析,19,2024-07-22
Site B,数据分析,19,2024-07-23
Site B,数据分析,19,2024-07-24
Site B,数据分析,19,2024-07-25
Site B,数据分析,19,2024-07-26
Site B,数据分析,19,2024-07-27
Site B,数据分析,19,2024-07-28
Site B,数据分析,19,2024-07-29
Site B,数据分析,19,2024-07-30
Site B,SEO优化,21,2024-06-01
Site B,SEO优化,21,2024-06-02
Site B,SEO优化,21,2024-06-03
Site B,SEO优化,21,2024-06-04
Site B,SEO优化,21,2024-06-05
Site B,SEO优化,21,2024-06-06
Site B,SEO优化,21,2024-06-07
Site B,SEO优化,21,2024-06-08
Site B,SEO优化,21,2024-06-09
Site B,SEO优化,21,2024-06-10
Site B,SEO优化,21,2024-06-11
Site B,SEO优化,21,2024-06-12
Site B,SEO优化,21,2024-06-13
Site B,SEO优化,21,2024-06-14
Site B,SEO优化,21,2024-06-15
Site B,SEO优化,21,2024-06-16
Site B,SEO优化,21,2024-06-17
Site B,SEO优化,21,2024-06-18
Site B,SEO优化,21,2024-06-19
Site B,SEO优化,21,2024-06-20
Site B,SEO优化,21,2024-06-21
Site B,SEO优化,21,2024-06-22
Site B,SEO优化,21,2024-06-23
Site B,SEO优化,21,2024-06-24
Site B,SEO优化,21,2024-06-25
Site B,SEO优化,21,2024-06-26
Site B,SEO优化,21,2024-06-27
Site B,SEO优化,21,2024-06-28
Site B,SEO优化,21,2024-06-29
Site B,SEO优化,21,2024-06-30
Site B,SEO优化,20,2024-07-01
Site B,SEO优化,20,2024-07-02
Site B,SEO优化,20,2024-07-03
Site B,SEO优化,20,2024-07-04
Site B,SEO优化,20,2024-07-05
Site B,SEO优化,20,2024-07-06
Site B,SEO优化,20,2024-07-07
Site B,SEO优化,20,2024-07-08
Site B,SEO优化,20,2024-07-09
Site B,SEO优化,20,2024-07-10
Site B,SEO优化,20,2024-07-11
Site B,SEO优化,20,2024-07-12
Site B,SEO优化,20,2024-07-13
Site B,SEO优化,20,2024-07-14
Site B,SEO优化,20,2024-07-15
Site B,SEO优化,20,2024-07-16
Site B,SEO优化,20,2024-07-17
Site B,SEO优化,20,2024-07-18
Site B,SEO优化,20,2024-07-19
Site B,SEO优化,20,2024-07-20
Site B,SEO优化,20,2024-07-21
Site B,SEO优化,20,2024-07-22
Site B,SEO优化,20,2024-07-23
Site B,SEO优化,20,2024-07-24
Site B,SEO优化,20,2024-07-25
Site B,SEO优化,20,2024-07-26
Site B,SEO优化,20,2024-07-27
Site B,SEO优化,20,2024-07-28
Site B,SEO优化,20,2024-07-29
Site B,SEO优化,20,2024-07-30
Site B,内容营销,22,2024-06-01
Site B,内容营销,22,2024-06-02
Site B,内容营销,22,2024-06-03
Site B,内容营销,22,2024-06-04
Site B,内容营销,22,2024-06-05
Site B,内容营销,22,2024-06-06
Site B,内容营销,22,2024-06-07
Site B,内容营销,22,2024-06-08
Site B,内容营销,22,2024-06-09
Site B,内容营销,22,2024-06-10
Site B,内容营销,22,2024-06-11
Site B,内容营销,22,2024-06-12
Site B,内容营销,22,2024-06-13
Site B,内容营销,22,2024-06-14
Site B,内容营销,22,2024-06-15
Site B,内容营销,22,2024-06-16
Site B,内容营销,22,2024-06-17
Site B,内容营销,22,2024-06-18
Site B,内容营销,22,2024-06-19
Site B,内容营销,22,2024-06-20
Site B,内容营销,22,2024-06-21
Site B,内容营销,22,2024-06-22
Site B,内容营销,22,2024-06-23
Site B,内容营销,22,2024-06-24
Site B,内容营销,22,2024-06-25
Site B,内容营销,22,2024-06-26
Site B,内容营销,22,2024-06-27
Site B,内容营销,22,2024-06-28
Site B,内容营销,22,2024-06-29
Site B,内容营销,22,2024-06-30
Site B,内容营销,21,2024-07-01
Site B,内容营销,21,2024-07-02
Site B,内容营销,21,2024-07-03
Site B,内容营销,21,2024-07-04
Site B,内容营销,21,2024-07-05
Site B,内容营销,21,2024-07-06
Site B,内容营销,21,2024-07-07
Site B,内容营销,21,2024-07-08
Site B,内容营销,21,2024-07-09
Site B,内容营销,21,2024-07-10
Site B,内容营销,21,2024-07-11
Site B,内容营销,21,2024-07-12
Site B,内容营销,21,2024-07-13
Site B,内容营销,21,2024-07-14
Site B,内容营销,21,2024-07-15
Site B,内容营销,21,2024-07-16
Site B,内容营销,21,2024-07-17
Site B,内容营销,21,2024-07-18
Site B,内容营销,21,2024-07-19
Site B,内容营销,21,2024-07-20
Site B,内容营销,21,2024-07-21
Site B,内容营销,21,2024-07-22
Site B,内容营销,21,2024-07-23
Site B,内容营销,21,2024-07-24
Site B,内容营销,21,2024-07-25
Site B,内容营销,21,2024-07-26
Site B,内容营销,21,2024-07-27
Site B,内容营销,21,2024-07-28
Site B,内容营销,21,2024-07-29
Site B,内容营销,21,2024-07-30
Site B,社交媒体,23,2024-06-01
Site B,社交媒体,23,2024-06-02
Site B,社交媒体,23,2024-06-03
Site B,社交媒体,23,2024-06-04
Site B,社交媒体,23,2024-06-05
Site B,社交媒体,23,2024-06-06
Site B,社交媒体,23,2024-06-07
Site B,社交媒体,23,2024-06-08
Site B,社交媒体,23,2024-06-09
Site B,社交媒体,23,2024-06-10
Site B,社交媒体,23,2024-06-11
Site B,社交媒体,23,2024-06-12
Site B,社交媒体,23,2024-06-13
Site B,社交媒体,23,2024-06-14
Site B,社交媒体,23,2024-06-15
Site B,社交媒体,23,2024-06-16
Site B,社交媒体,23,2024-06-17
Site B,社交媒体,23,2024-06-18
Site B,社交媒体,23,2024-06-19
Site B,社交媒体,23,2024-06-20
Site B,社交媒体,23,2024-06-21
Site B,社交媒体,23,2024-06-22
Site B,社交媒体,23,2024-06-23
Site B,社交媒体,23,2024-06-24
Site B,社交媒体,23,2024-06-25
Site B,社交媒体,23,2024-06-26
Site B,社交媒体,23,2024-06-27
Site B,社交媒体,23,2024-06-28
Site B,社交媒体,23,2024-06-29
Site B,社交媒体,23,2024-06-30
Site B,社交媒体,22,2024-07-01
Site B,社交媒体,22,2024-07-02
Site B,社交媒体,22,2024-07-03
Site B,社交媒体,22,2024-07-04
Site B,社交媒体,22,2024-07-05
Site B,社交媒体,22,2024-07-06
Site B,社交媒体,22,2024-07-07
Site B,社交媒体,22,2024-07-08
Site B,社交媒体,22,2024-07-09
Site B,社交媒体,22,2024-07-10
Site B,社交媒体,22,2024-07-11
Site B,社交媒体,22,2024-07-12
Site B,社交媒体,22,2024-07-13
Site B,社交媒体,22,2024-07-14
Site B,社交媒体,22,2024-07-15
Site B,社交媒体,22,2024-07-16
Site B,社交媒体,22,2024-07-17
Site B,社交媒体,22,2024-07-18
Site B,社交媒体,22,2024-07-19
Site B,社交媒体,22,2024-07-20
Site B,社交媒体,22,2024-07-21
Site B,社交媒体,22,2024-07-22
Site B,社交媒体,22,2024-07-23
Site B,社交媒体,22,2024-07-24
Site B,社交媒体,22,2024-07-25
Site B,社交媒体,22,2024-07-26
Site B,社交媒体,22,2024-07-27
Site B,社交媒体,22,2024-07-28
Site B,社交媒体,22,2024-07-29
Site B,社交媒体,22,2024-07-30
Site B,电子邮件营销,24,2024-06-01
Site B,电子邮件营销,24,2024-06-02
Site B,电子邮件营销,24,2024-06-03
Site B,电子邮件营销,24,2024-06-04
Site B,电子邮件营销,24,2024-06-05
Site B,电子邮件营销,24,2024-06-06
Site B,电子邮件营销,24,2024-06-07
Site B,电子邮件营销,24,2024-06-08
Site B,电子邮件营销,24,2024-06-09
Site B,电子邮件营销,24,2024-06-10
Site B,电子邮件营销,24,2024-06-11
Site B,电子邮件营销,24,2024-06-12
Site B,电子邮件营销,24,2024-06-13
Site B,电子邮件营销,24,2024-06-14
Site B,电子邮件营销,24,2024-06-15
Site B,电子邮件营销,24,2024-06-16
Site B,电子邮件营销,24,2024-06-17
Site B,电子邮件营销,24,2024-06-18
Site B,电子邮件营销,24,2024-06-19
Site B,电子邮件营销,24,2024-06-20
Site B,电子邮件营销,24,2024-06-21
Site B,电子邮件营销,24,2024-06-22
Site B,电子邮件营销,24,2024-06-23
Site B,电子邮件营销,24,2024-06-24
Site B,电子邮件营销,24,2024-06-25
Site B,电子邮件营销,24,2024-06-26
Site B,电子邮件营销,24,2024-06-27
Site B,电子邮件营销,24,2024-06-28
Site B,电子邮件营销,24,2024-06-29
Site B,电子邮件营销,24,2024-06-30
Site B,电子邮件营销,23,2024-07-01
Site B,电子邮件营销,23,2024-07-02
Site B,电子邮件营销,23,2024-07-03
Site B,电子邮件营销,23,2024-07-04
Site B,电子邮件营销,23,2024-07-05
Site B,电子邮件营销,23,2024-07-06
Site B,电子邮件营销,23,2024-07-07
Site B,电子邮件营销,23,2024-07-08
Site B,电子邮件营销,23,2024-07-09
Site B,电子邮件营销,23,2024-07-10
Site B,电子邮件营销,23,2024-07-11
Site B,电子邮件营销,23,2024-07-12
Site B,电子邮件营销,23,2024-07-13
Site B,电子邮件营销,23,2024-07-14
Site B,电子邮件营销,23,2024-07-15
Site B,电子邮件营销,23,2024-07-16
Site B,电子邮件营销,23,2024-07-17
Site B,电子邮件营销,23,2024-07-18
Site B,电子邮件营销,23,2024-07-19
Site B,电子邮件营销,23,2024-07-20
Site B,电子邮件营销,23,2024-07-21
Site B,电子邮件营销,23,2024-07-22
Site B,电子邮件营销,23,2024-07-23
Site B,电子邮件营销,23,2024-07-24
Site B,电子邮件营销,23,2024-07-25
Site B,电子邮件营销,23,2024-07-26
Site B,电子邮件营销,23,2024-07-27
Site B,电子邮件营销,23,2024-07-28
Site B,电子邮件营销,23,2024-07-29
Site B,电子邮件营销,23,2024-07-30
Site B,转化率优化,5,2024-06-01
Site B,转化率优化,5,2024-06-02
Site B,转化率优化,5,2024-06-03
Site B,转化率优化,5,2024-06-04
Site B,转化率优化,5,2024-06-05
Site B,转化率优化,5,2024-06-06
Site B,转化率优化,5,2024-06-07
Site B,转化率优化,5,2024-06-08
Site B,转化率优化,5,2024-06-09
Site B,转化率优化,5,2024-06-10
Site B,转化率优化,5,2024-06-11
Site B,转化率优化,5,2024-06-12
Site B,转化率优化,5,2024-06-13
Site B,转化率优化,5,2024-06-14
Site B,转化率优化,5,2024-06-15
Site B,转化率优化,5,2024-06-16
Site B,转化率优化,5,2024-06-17
Site B,转化率优化,5,2024-06-18
Site B,转化率优化,5,2024-06-19
Site B,转化率优化,5,2024-06-20
Site B,转化率优化,5,2024-06-21
Site B,转化率优化,5,2024-06-22
Site B,转化率优化,5,2024-06-23
Site B,转化率优化,5,2024-06-24
Site B,转化率优化,5,2024-06-25
Site B,转化率优化,5,2024-06-26
Site B,转化率优化,5,2024-06-27
Site B,转化率优化,5,2024-06-28
Site B,转化率优化,5,2024-06-29
Site B,转化率优化,5,2024-06-30
Site B,转化率优化,4,2024-07-01
Site B,转化率优化,4,2024-07-02
Site B,转化率优化,4,2024-07-03
Site B,转化率优化,4,2024-07-04
Site B,转化率优化,4,2024-07-05
Site B,转化率优化,4,2024-07-06
Site B,转化率优化,4,2024-07-07
Site B,转化率优化,4,2024-07-08
Site B,转化率优化,4,2024-07-09
Site B,转化率优化,4,2024-07-10
Site B,转化率优化,4,2024-07-11
Site B,转化率优化,4,2024-07-12
Site B,转化率优化,4,2024-07-13
Site B,转化率优化,4,2024-07-14
Site B,转化率优化,4,2024-07-15
Site B,转化率优化,4,2024-07-16
Site B,转化率优化,4,2024-07-17
Site B,转化率优化,4,2024-07-18
Site B,转化率优化,4,2024-07-19
Site B,转化率优化,4,2024-07-20
Site B,转化率优化,4,2024-07-21
Site B,转化率优化,4,2024-07-22
Site B,转化率优化,4,2024-07-23
Site B,转化率优化,4,2024-07-24
Site B,转化率优化,4,2024-07-25
Site B,转化率优化,4,2024-07-26
Site B,转化率优化,4,2024-07-27
Site B,转化率优化,4,2024-07-28
Site B,转化率优化,4,2024-07-29
Site B,转化率优化,4,2024-07-30
Site B,用户体验,6,2024-06-01
Site B,用户体验,6,2024-06-02
Site B,用户体验,6,2024-06-03
Site B,用户体验,6,2024-06-04
Site B,用户体验,6,2024-06-05
Site B,用户体验,6,2024-06-06
Site B,用户体验,6,2024-06-07
Site B,用户体验,6,2024-06-08
Site B,用户体验,6,2024-06-09
Site B,用户体验,6,2024-06-10
Site B,用户体验,6,2024-06-11
Site B,用户体验,6,2024-06-12
Site B,用户体验,6,2024-06-13
Site B,用户体验,6,2024-06-14
Site B,用户体验,6,2024-06-15
Site B,用户体验,6,2024-06-16
Site B,用户体验,6,2024-06-17
Site B,用户体验,6,2024-06-18
Site B,用户体验,6,2024-06-19
Site B,用户体验,6,2024-06-20
Site B,用户体验,6,2024-06-21
Site B,用户体验,6,2024-06-22
Site B,用户体验,6,2024-06-23
Site B,用户体验,6,2024-06-24
Site B,用户体验,6,2024-06-25
Site B,用户体验,6,2024-06-26
Site B,用户体验,6,2024-06-27
Site B,用户体验,6,2024-06-28
Site B,用户体验,6,2024-06-29
Site B,用户体验,6,2024-06-30
Site B,用户体验,5,2024-07-01
Site B,用户体验,5,2024-07-02
Site B,用户体验,5,2024-07-03
Site B,用户体验,5,2024-07-04
Site B,用户体验,5,2024-07-05
Site B,用户体验,5,2024-07-06
Site B,用户体验,5,2024-07-07
Site B,用户体验,5,2024-07-08
Site B,用户体验,5,2024-07-09
Site B,用户体验,5,2024-07-10
Site B,用户体验,5,2024-07-11
Site B,用户体验,5,2024-07-12
Site B,用户体验,5,2024-07-13
Site B,用户体验,5,2024-07-14
Site B,用户体验,5,2024-07-15
Site B,用户体验,5,2024-07-16
Site B,用户体验,5,2024-07-17
Site B,用户体验,5,2024-07-18
Site B,用户体验,5,2024-07-19
Site B,用户体验,5,2024-07-20
Site B,用户体验,5,2024-07-21
Site B,用户体验,5,2024-07-22
Site B,用户体验,5,2024-07-23
Site B,用户体验,5,2024-07-24
Site B,用户体验,5,2024-07-25
Site B,用户体验,5,2024-07-26
Site B,用户体验,5,2024-07-27
Site B,用户体验,5,2024-07-28
Site B,用户体验,5,2024-07-29
Site B,用户体验,5,2024-07-30
Site B,页面速度,7,2024-06-01
Site B,页面速度,7,2024-06-02
Site B,页面速度,7,2024-06-03
Site B,页面速度,7,2024-06-04
Site B,页面速度,7,2024-06-05
Site B,页面速度,7,2024-06-06
Site B,页面速度,7,2024-06-07
Site B,页面速度,7,2024-06-08
Site B,页面速度,7,2024-06-09
Site B,页面速度,7,2024-06-10
Site B,页面速度,7,2024-06-11
Site B,页面速度,7,2024-06-12
Site B,页面速度,7,2024-06-13
Site B,页面速度,7,2024-06-14
Site B,页面速度,7,2024-06-15
Site B,页面速度,7,2024-06-16
Site B,页面速度,7,2024-06-17
Site B,页面速度,7,2024-06-18
Site B,页面速度,7,2024-06-19
Site B,页面速度,7,2024-06-20
Site B,页面速度,7,2024-06-21
Site B,页面速度,7,2024-06-22
Site B,页面速度,7,2024-06-23
Site B,页面速度,7,2024-06-24
Site B,页面速度,7,2024-06-25
Site B,页面速度,7,2024-06-26
Site B,页面速度,7,2024-06-27
Site B,页面速度,7,2024-06-28
Site B,页面速度,7,2024-06-29
Site B,页面速度,7,2024-06-30
Site B,页面速度,6,2024-07-01
Site B,页面速度,6,2024-07-02
Site B,页面速度,6,2024-07-03
Site B,页面速度,6,2024-07-04
Site B,页面速度,6,2024-07-05
Site B,页面速度,6,2024-07-06
Site B,页面速度,6,2024-07-07
Site B,页面速度,6,2024-07-08
Site B,页面速度,6,2024-07-09
Site B,页面速度,6,2024-07-10
Site B,页面速度,6,2024-07-11
Site B,页面速度,6,2024-07-12
Site B,页面速度,6,2024-07-13
Site B,页面速度,6,2024-07-14
Site B,页面速度,6,2024-07-15
Site B,页面速度,6,2024-07-16
Site B,页面速度,6,2024-07-17
Site B,页面速度,6,2024-07-18
Site B,页面速度,6,2024-07-19
Site B,页面速度,6,2024-07-20
Site B,页面速度,6,2024-07-21
Site B,页面速度,6,2024-07-22
Site B,页面速度,6,2024-07-23
Site B,页面速度,6,2024-07-24
Site B,页面速度,6,2024-07-25
Site B,页面速度,6,2024-07-26
Site B,页面速度,6,2024-07-27
Site B,页面速度,6,2024-07-28
Site B,页面速度,6,2024-07-29
Site B,页面速度,6,2024-07-30
Site B,移动端适配,8,2024-06-01
Site B,移动端适配,8,2024-06-02
Site B,移动端适配,8,2024-06-03
Site B,移动端适配,8,2024-06-04
Site B,移动端适配,8,2024-06-05
Site B,移动端适配,8,2024-06-06
Site B,移动端适配,8,2024-06-07
Site B,移动端适配,8,2024-06-08
Site B,移动端适配,8,2024-06-09
Site B,移动端适配,8,2024-06-10
Site B,移动端适配,8,2024-06-11
Site B,移动端适配,8,2024-06-12
Site B,移动端适配,8,2024-06-13
Site B,移动端适配,8,2024-06-14
Site B,移动端适配,8,2024-06-15
Site B,移动端适配,8,2024-06-16
Site B,移动端适配,8,2024-06-17
Site B,移动端适配,8,2024-06-18
Site B,移动端适配,8,2024-06-19
Site B,移动端适配,8,2024-06-20
Site B,移动端适配,8,2024-06-21
Site B,移动端适配,8,2024-06-22
Site B,移动端适配,8,2024-06-23
Site B,移动端适配,8,2024-06-24
Site B,移动端适配,8,2024-06-25
Site B,移动端适配,8,2024-06-26
Site B,移动端适配,8,2024-06-27
Site B,移动端适配,8,2024-06-28
Site B,移动端适配,8,2024-06-29
Site B,移动端适配,8,2024-06-30
Site B,移动端适配,7,2024-07-01
Site B,移动端适配,7,2024-07-02
Site B,移动端适配,7,2024-07-03
Site B,移动端适配,7,2024-07-04
Site B,移动端适配,7,2024-07-05
Site B,移动端适配,7,2024-07-06
Site B,移动端适配,7,2024-07-07
Site B,移动端适配,7,2024-07-08
Site B,移动端适配,7,2024-07-09
Site B,移动端适配,7,2024-07-10
Site B,移动端适配,7,2024-07-11
Site B,移动端适配,7,2024-07-12
Site B,移动端适配,7,2024-07-13
Site B,移动端适配,7,2024-07-14
Site B,移动端适配,7,2024-07-15
Site B,移动端适配,7,2024-07-16
Site B,移动端适配,7,2024-07-17
Site B,移动端适配,7,2024-07-18
Site B,移动端适配,7,2024-07-19
Site B,移动端适配,7,2024-07-20
Site B,移动端适配,7,2024-07-21
Site B,移动端适配,7,2024-07-22
Site B,移动端适配,7,2024-07-23
Site B,移动端适配,7,2024-07-24
Site B,移动端适配,7,2024-07-25
Site B,移动端适配,7,2024-07-26
Site B,移动端适配,7,2024-07-27
Site B,移动端适配,7,2024-07-28
Site B,移动端适配,7,2024-07-29
Site B,移动端适配,7,2024-07-30
Site B,结构化数据,9,2024-06-01
Site B,结构化数据,9,2024-06-02
Site B,结构化数据,9,2024-06-03
Site B,结构化数据,9,2024-06-04
Site B,结构化数据,9,2024-06-05
Site B,结构化数据,9,2024-06-06
Site B,结构化数据,9,2024-06-07
Site B,结构化数据,9,2024-06-08
Site B,结构化数据,9,2024-06-09
Site B,结构化数据,9,2024-06-10
Site B,结构化数据,9,2024-06-11
Site B,结构化数据,9,2024-06-12
Site B,结构化数据,9,2024-06-13
Site B,结构化数据,9,2024-06-14
Site B,结构化数据,9,2024-06-15
Site B,结构化数据,9,2024-06-16
Site B,结构化数据,9,2024-06-17
Site B,结构化数据,9,2024-06-18
Site B,结构化数据,9,2024-06-19
Site B,结构化数据,9,2024-06-20
Site B,结构化数据,9,2024-06-21
Site B,结构化数据,9,2024-06-22
Site B,结构化数据,9,2024-06-23
Site B,结构化数据,9,2024-06-24
Site B,结构化数据,9,2024-06-25
Site B,结构化数据,9,2024-06-26
Site B,结构化数据,9,2024-06-27
Site B,结构化数据,9,2024-06-28
Site B,结构化数据,9,2024-06-29
Site B,结构化数据,9,2024-06-30
Site B,结构化数据,8,2024-07-01
Site B,结构化数据,8,2024-07-02
Site B,结构化数据,8,2024-07-03
Site B,结构化数据,8,2024-07-04
Site B,结构化数据,8,2024-07-05
Site B,结构化数据,8,2024-07-06
Site B,结构化数据,8,2024-07-07
Site B,结构化数据,8,2024-07-08
Site B,结构化数据,8,2024-07-09
Site B,结构化数据,8,2024-07-10
Site B,结构化数据,8,2024-07-11
Site B,结构化数据,8,2024-07-12
Site B,结构化数据,8,2024-07-13
Site B,结构化数据,8,2024-07-14
Site B,结构化数据,8,2024-07-15
Site B,结构化数据,8,2024-07-16
Site B,结构化数据,8,2024-07-17
Site B,结构化数据,8,2024-07-18
Site B,结构化数据,8,2024-07-19
Site B,结构化数据,8,2024-07-20
Site B,结构化数据,8,2024-07-21
Site B,结构化数据,8,2024-07-22
Site B,结构化数据,8,2024-07-23
Site B,结构化数据,8,2024-07-24
Site B,结构化数据,8,2024-07-25
Site B,结构化数据,8,2024-07-26
Site B,结构化数据,8,2024-07-27
Site B,结构化数据,8,2024-07-28
Site B,结构化数据,8,2024-07-29
Site B,结构化数据,8,2024-07-30
Site B,外链建设,10,2024-06-01
Site B,外链建设,10,2024-06-02
Site B,外链建设,10,2024-06-03
Site B,外链建设,10,2024-06-04
Site B,外链建设,10,2024-06-05
Site B,外链建设,10,2024-06-06
Site B,外链建设,10,2024-06-07
Site B,外链建设,10,2024-06-08
Site B,外链建设,10,2024-06-09
Site B,外链建设,10,2024-06-10
Site B,外链建设,10,2024-06-11
Site B,外链建设,10,2024-06-12
Site B,外链建设,10,2024-06-13
Site B,外链建设,10,2024-06-14
Site B,外链建设,10,2024-06-15
Site B,外链建设,10,2024-06-16
Site B,外链建设,10,2024-06-17
Site B,外链建设,10,2024-06-18
Site B,外链建设,10,2024-06-19
Site B,外链建设,10,2024-06-20
Site B,外链建设,10,2024-06-21
Site B,外链建设,10,2024-06-22
Site B,外链建设,10,2024-06-23
Site B,外链建设,10,2024-06-24
Site B,外链建设,10,2024-06-25
Site B,外链建设,10,2024-06-26
Site B,外链建设,10,2024-06-27
Site B,外链建设,10,2024-06-28
Site B,外链建设,10,2024-06-29
Site B,外链建设,10,2024-06-30
Site B,外链建设,9,2024-07-01
Site B,外链建设,9,2024-07-02
Site B,外链建设,9,2024-07-03
Site B,外链建设,9,2024-07-04
Site B,外链建设,9,2024-07-05
Site B,外链建设,9,2024-07-06
Site B,外链建设,9,2024-07-07
Site B,外链建设,9,2024-07-08
Site B,外链建设,9,2024-07-09
Site B,外链建设,9,2024-07-10
Site B,外链建设,9,2024-07-11
Site B,外链建设,9,2024-07-12
Site B,外链建设,9,2024-07-13
Site B,外链建设,9,2024-07-14
Site B,外链建设,9,2024-07-15
Site B,外链建设,9,2024-07-16
Site B,外链建设,9,2024-07-17
Site B,外链建设,9,2024-07-18
Site B,外链建设,9,2024-07-19
Site B,外链建设,9,2024-07-20
Site B,外链建设,9,2024-07-21
Site B,外链建设,9,2024-07-22
Site B,外链建设,9,2024-07-23
Site B,外链建设,9,2024-07-24
Site B,外链建设,9,2024-07-25
Site B,外链建设,9,2024-07-26
Site B,外链建设,9,2024-07-27
Site B,外链建设,9,2024-07-28
Site B,外链建设,9,2024-07-29
Site B,外链建设,9,2024-07-30
Site B,关键词研究,11,2024-06-01
Site B,关键词研究,11,2024-06-02
Site B,关键词研究,11,2024-06-03
Site B,关键词研究,11,2024-06-04
Site B,关键词研究,11,2024-06-05
Site B,关键词研究,11,2024-06-06
Site B,关键词研究,11,2024-06-07
Site B,关键词研究,11,2024-06-08
Site B,关键词研究,11,2024-06-09
Site B,关键词研究,11,2024-06-10
Site B,关键词研究,11,2024-06-11
Site B,关键词研究,11,2024-06-12
Site B,关键词研究,11,2024-06-13
Site B,关键词研究,11,2024-06-14
Site B,关键词研究,11,2024-06-15
Site B,关键词研究,11,2024-06-16
Site B,关键词研究,11,2024-06-17
Site B,关键词研究,11,2024-06-18
Site B,关键词研究,11,2024-06-19
Site B,关键词研究,11,2024-06-20
Site B,关键词研究,11,2024-06-21
Site B,关键词研究,11,2024-06-22
Site B,关键词研究,11,2024-06-23
Site B,关键词研究,11,2024-06-24
Site B,关键词研究,11,2024-06-25
Site B,关键词研究,11,2024-06-26
Site B,关键词研究,11,2024-06-27
Site B,关键词研究,11,2024-06-28
Site B,关键词研究,11,2024-06-29
Site B,关键词研究,11,2024-06-30
Site B,关键词研究,10,2024-07-01
Site B,关键词研究,10,2024-07-02
Site B,关键词研究,10,2024-07-03
Site B,关键词研究,10,2024-07-04
Site B,关键词研究,10,2024-07-05
Site B,关键词研究,10,2024-07-06
Site B,关键词研究,10,2024-07-07
Site B,关键词研究,10,2024-07-08
Site B,关键词研究,10,2024-07-09
Site B,关键词研究,10,2024-07-10
Site B,关键词研究,10,2024-07-11
Site B,关键词研究,10,2024-07-12
Site B,关键词研究,10,2024-07-13
Site B,关键词研究,10,2024-07-14
Site B,关键词研究,10,2024-07-15
Site B,关键词研究,10,2024-07-16
Site B,关键词研究,10,2024-07-17
Site B,关键词研究,10,2024-07-18
Site B,关键词研究,10,2024-07-19
Site B,关键词研究,10,2024-07-20
Site B,关键词研究,10,2024-07-21
Site B,关键词研究,10,2024-07-22
Site B,关键词研究,10,2024-07-23
Site B,关键词研究,10,2024-07-24
Site B,关键词研究,10,2024-07-25
Site B,关键词研究,10,2024-07-26
Site B,关键词研究,10,2024-07-27
Site B,关键词研究,10,2024-07-28
Site B,关键词研究,10,2024-07-29
Site B,关键词研究,10,2024-07-30
Site B,竞争对手分析,12,2024-06-01
Site B,竞争对手分析,12,2024-06-02
Site B,竞争对手分析,12,2024-06-03
Site B,竞争对手分析,12,2024-06-04
Site B,竞争对手分析,12,2024-06-05
Site B,竞争对手分析,12,2024-06-06
Site B,竞争对手分析,12,2024-06-07
Site B,竞争对手分析,12,2024-06-08
Site B,竞争对手分析,12,2024-06-09
Site B,竞争对手分析,12,2024-06-10
Site B,竞争对手分析,12,2024-06-11
Site B,竞争对手分析,12,2024-06-12
Site B,竞争对手分析,12,2024-06-13
Site B,竞争对手分析,12,2024-06-14
Site B,竞争对手分析,12,2024-06-15
Site B,竞争对手分析,12,2024-06-16
Site B,竞争对手分析,12,2024-06-17
Site B,竞争对手分析,12,2024-06-18
Site B,竞争对手分析,12,2024-06-19
Site B,竞争对手分析,12,2024-06-20
Site B,竞争对手分析,12,2024-06-21
Site B,竞争对手分析,12,2024-06-22
Site B,竞争对手分析,12,2024-06-23
Site B,竞争对手分析,12,2024-06-24
Site B,竞争对手分析,12,2024-06-25
Site B,竞争对手分析,12,2024-06-26
Site B,竞争对手分析,12,2024-06-27
Site B,竞争对手分析,12,2024-06-28
Site B,竞争对手分析,12,2024-06-29
Site B,竞争对手分析,12,2024-06-30
Site B,竞争对手分析,11,2024-07-01
Site B,竞争对手分析,11,2024-07-02
Site B,竞争对手分析,11,2024-07-03
Site B,竞争对手分析,11,2024-07-04
Site B,竞争对手分析,11,2024-07-05
Site B,竞争对手分析,11,2024-07-06
Site B,竞争对手分析,11,2024-07-07
Site B,竞争对手分析,11,2024-07-08
Site B,竞争对手分析,11,2024-07-09
Site B,竞争对手分析,11,2024-07-10
Site B,竞争对手分析,11,2024-07-11
Site B,竞争对手分析,11,2024-07-12
Site B,竞争对手分析,11,2024-07-13
Site B,竞争对手分析,11,2024-07-14
Site B,竞争对手分析,11,2024-07-15
Site B,竞争对手分析,11,2024-07-16
Site B,竞争对手分析,11,2024-07-17
Site B,竞争对手分析,11,2024-07-18
Site B,竞争对手分析,11,2024-07-19
Site B,竞争对手分析,11,2024-07-20
Site B,竞争对手分析,11,2024-07-21
Site B,竞争对手分析,11,2024-07-22
Site B,竞争对手分析,11,2024-07-23
Site B,竞争对手分析,11,2024-07-24
Site B,竞争对手分析,11,2024-07-25
Site B,竞争对手分析,11,2024-07-26
Site B,竞争对手分析,11,2024-07-27
Site B,竞争对手分析,11,2024-07-28
Site B,竞争对手分析,11,2024-07-29
Site B,竞争对手分析,11,2024-07-30
Site B,网站审计,13,2024-06-01
Site B,网站审计,13,2024-06-02
Site B,网站审计,13,2024-06-03
Site B,网站审计,13,2024-06-04
Site B,网站审计,13,2024-06-05
Site B,网站审计,13,2024-06-06
Site B,网站审计,13,2024-06-07
Site B,网站审计,13,2024-06-08
Site B,网站审计,13,2024-06-09
Site B,网站审计,13,2024-06-10
Site B,网站审计,13,2024-06-11
Site B,网站审计,13,2024-06-12
Site B,网站审计,13,2024-06-13
Site B,网站审计,13,2024-06-14
Site B,网站审计,13,2024-06-15
Site B,网站审计,13,2024-06-16
Site B,网站审计,13,2024-06-17
Site B,网站审计,13,2024-06-18
Site B,网站审计,13,2024-06-19
Site B,网站审计,13,2024-06-20
Site B,网站审计,13,2024-06-21
Site B,网站审计,13,2024-06-22
Site B,网站审计,13,2024-06-23
Site B,网站审计,13,2024-06-24
Site B,网站审计,13,2024-06-25
Site B,网站审计,13,2024-06-26
Site B,网站审计,13,2024-06-27
Site B,网站审计,13,2024-06-28
Site B,网站审计,13,2024-06-29
Site B,网站审计,13,2024-06-30
Site B,网站审计,12,2024-07-01
Site B,网站审计,12,2024-07-02
Site B,网站审计,12,2024-07-03
Site B,网站审计,12,2024-07-04
Site B,网站审计,12,2024-07-05
Site B,网站审计,12,2024-07-06
Site B,网站审计,12,2024-07-07
Site B,网站审计,12,2024-07-08
Site B,网站审计,12,2024-07-09
Site B,网站审计,12,2024-07-10
Site B,网站审计,12,2024-07-11
Site B,网站审计,12,2024-07-12
Site B,网站审计,12,2024-07-13
Site B,网站审计,12,2024-07-14
Site B,网站审计,12,2024-07-15
Site B,网站审计,12,2024-07-16
Site B,网站审计,12,2024-07-17
Site B,网站审计,12,2024-07-18
Site B,网站审计,12,2024-07-19
Site B,网站审计,12,2024-07-20
Site B,网站审计,12,2024-07-21
Site B,网站审计,12,2024-07-22
Site B,网站审计,12,2024-07-23
Site B,网站审计,12,2024-07-24
Site B,网站审计,12,2024-07-25
Site B,网站审计,12,2024-07-26
Site B,网站审计,12,2024-07-27
Site B,网站审计,12,2024-07-28
Site B,网站审计,12,2024-07-29
Site B,网站审计,12,2024-07-30
Site B,流量分析,14,2024-06-01
Site B,流量分析,14,2024-06-02
Site B,流量分析,14,2024-06-03
Site B,流量分析,14,2024-06-04
Site B,流量分析,14,2024-06-05
Site B,流量分析,14,2024-06-06
Site B,流量分析,14,2024-06-07
Site B,流量分析,14,2024-06-08
Site B,流量分析,14,2024-06-09
Site B,流量分析,14,2024-06-10
Site B,流量分析,14,2024-06-11
Site B,流量分析,14,2024-06-12
Site B,流量分析,14,2024-06-13
Site B,流量分析,14,2024-06-14
Site B,流量分析,14,2024-06-15
Site B,流量分析,14,2024-06-16
Site B,流量分析,14,2024-06-17
Site B,流量分析,14,2024-06-18
Site B,流量分析,14,2024-06-19
Site B,流量分析,14,2024-06-20
Site B,流量分析,14,2024-06-21
Site B,流量分析,14,2024-06-22
Site B,流量分析,14,2024-06-23
Site B,流量分析,14,2024-06-24
Site B,流量分析,14,2024-06-25
Site B,流量分析,14,2024-06-26
Site B,流量分析,14,2024-06-27
Site B,流量分析,14,2024-06-28
Site B,流量分析,14,2024-06-29
Site B,流量分析,14,2024-06-30
Site B,流量分析,13,2024-07-01
Site B,流量分析,13,2024-07-02
Site B,流量分析,13,2024-07-03
Site B,流量分析,13,2024-07-04
Site B,流量分析,13,2024-07-05
Site B,流量分析,13,2024-07-06
Site B,流量分析,13,2024-07-07
Site B,流量分析,13,2024-07-08
Site B,流量分析,13,2024-07-09
Site B,流量分析,13,2024-07-10
Site B,流量分析,13,2024-07-11
Site B,流量分析,13,2024-07-12
Site B,流量分析,13,2024-07-13
Site B,流量分析,13,2024-07-14
Site B,流量分析,13,2024-07-15
Site B,流量分析,13,2024-07-16
Site B,流量分析,13,2024-07-17
Site B,流量分析,13,2024-07-18
Site B,流量分析,13,2024-07-19
Site B,流量分析,13,2024-07-20
Site B,流量分析,13,2024-07-21
Site B,流量分析,13,2024-07-22
Site B,流量分析,13,2024-07-23
Site B,流量分析,13,2024-07-24
Site B,流量分析,13,2024-07-25
Site B,流量分析,13,2024-07-26
Site B,流量分析,13,2024-07-27
Site B,流量分析,13,2024-07-28
Site B,流量分析,13,2024-07-29
Site B,流量分析,13,2024-07-30
Site C,笔记本电脑,5,2024-06-01
Site C,笔记本电脑,5,2024-06-02
Site C,笔记本电脑,5,2024-06-03
Site C,笔记本电脑,5,2024-06-04
Site C,笔记本电脑,5,2024-06-05
Site C,笔记本电脑,5,2024-06-06
Site C,笔记本电脑,5,2024-06-07
Site C,笔记本电脑,5,2024-06-08
Site C,笔记本电脑,5,2024-06-09
Site C,笔记本电脑,5,2024-06-10
Site C,笔记本电脑,5,2024-06-11
Site C,笔记本电脑,5,2024-06-12
Site C,笔记本电脑,5,2024-06-13
Site C,笔记本电脑,5,2024-06-14
Site C,笔记本电脑,5,2024-06-15
Site C,笔记本电脑,5,2024-06-16
Site C,笔记本电脑,5,2024-06-17
Site C,笔记本电脑,5,2024-06-18
Site C,笔记本电脑,5,2024-06-19
Site C,笔记本电脑,5,2024-06-20
Site C,笔记本电脑,5,2024-06-21
Site C,笔记本电脑,5,2024-06-22
Site C,笔记本电脑,5,2024-06-23
Site C,笔记本电脑,5,2024-06-24
Site C,笔记本电脑,5,2024-06-25
Site C,笔记本电脑,5,2024-06-26
Site C,笔记本电脑,5,2024-06-27
Site C,笔记本电脑,5,2024-06-28
Site C,笔记本电脑,5,2024-06-29
Site C,笔记本电脑,5,2024-06-30
Site C,笔记本电脑,5,2024-07-01
Site C,笔记本电脑,5,2024-07-02
Site C,笔记本电脑,5,2024-07-03
Site C,笔记本电脑,5,2024-07-04
Site C,笔记本电脑,5,2024-07-05
Site C,笔记本电脑,5,2024-07-06
Site C,笔记本电脑,5,2024-07-07
Site C,笔记本电脑,5,2024-07-08
Site C,笔记本电脑,5,2024-07-09
Site C,笔记本电脑,5,2024-07-10
Site C,笔记本电脑,5,2024-07-11
Site C,笔记本电脑,5,2024-07-12
Site C,笔记本电脑,5,2024-07-13
Site C,笔记本电脑,5,2024-07-14
Site C,笔记本电脑,5,2024-07-15
Site C,笔记本电脑,5,2024-07-16
Site C,笔记本电脑,5,2024-07-17
Site C,笔记本电脑,5,2024-07-18
Site C,笔记本电脑,5,2024-07-19
Site C,笔记本电脑,5,2024-07-20
Site C,笔记本电脑,5,2024-07-21
Site C,笔记本电脑,5,2024-07-22
Site C,笔记本电脑,5,2024-07-23
Site C,笔记本电脑,5,2024-07-24
Site C,笔记本电脑,5,2024-07-25
Site C,笔记本电脑,5,2024-07-26
Site C,笔记本电脑,5,2024-07-27
Site C,笔记本电脑,5,2024-07-28
Site C,笔记本电脑,5,2024-07-29
Site C,笔记本电脑,5,2024-07-30
Site C,机械键盘,6,2024-06-01
Site C,机械键盘,6,2024-06-02
Site C,机械键盘,6,2024-06-03
Site C,机械键盘,6,2024-06-04
Site C,机械键盘,6,2024-06-05
Site C,机械键盘,6,2024-06-06
Site C,机械键盘,6,2024-06-07
Site C,机械键盘,6,2024-06-08
Site C,机械键盘,6,2024-06-09
Site C,机械键盘,6,2024-06-10
Site C,机械键盘,6,2024-06-11
Site C,机械键盘,6,2024-06-12
Site C,机械键盘,6,2024-06-13
Site C,机械键盘,6,2024-06-14
Site C,机械键盘,6,2024-06-15
Site C,机械键盘,6,2024-06-16
Site C,机械键盘,6,2024-06-17
Site C,机械键盘,6,2024-06-18
Site C,机械键盘,6,2024-06-19
Site C,机械键盘,6,2024-06-20
Site C,机械键盘,6,2024-06-21
Site C,机械键盘,6,2024-06-22
Site C,机械键盘,6,2024-06-23
Site C,机械键盘,6,2024-06-24
Site C,机械键盘,6,2024-06-25
Site C,机械键盘,6,2024-06-26
Site C,机械键盘,6,2024-06-27
Site C,机械键盘,6,2024-06-28
Site C,机械键盘,6,2024-06-29
Site C,机械键盘,6,2024-06-30
Site C,机械键盘,6,2024-07-01
Site C,机械键盘,6,2024-07-02
Site C,机械键盘,6,2024-07-03
Site C,机械键盘,6,2024-07-04
Site C,机械键盘,6,2024-07-05
Site C,机械键盘,6,2024-07-06
Site C,机械键盘,6,2024-07-07
Site C,机械键盘,6,2024-07-08
Site C,机械键盘,6,2024-07-09
Site C,机械键盘,6,2024-07-10
Site C,机械键盘,6,2024-07-11
Site C,机械键盘,6,2024-07-12
Site C,机械键盘,6,2024-07-13
Site C,机械键盘,6,2024-07-14
Site C,机械键盘,6,2024-07-15
Site C,机械键盘,6,2024-07-16
Site C,机械键盘,6,2024-07-17
Site C,机械键盘,6,2024-07-18
Site C,机械键盘,6,2024-07-19
Site C,机械键盘,6,2024-07-20
Site C,机械键盘,6,2024-07-21
Site C,机械键盘,6,2024-07-22
Site C,机械键盘,6,2024-07-23
Site C,机械键盘,6,2024-07-24
Site C,机械键盘,6,2024-07-25
Site C,机械键盘,6,2024-07-26
Site C,机械键盘,6,2024-07-27
Site C,机械键盘,6,2024-07-28
Site C,机械键盘,6,2024-07-29
Site C,机械键盘,6,2024-07-30
Site C,无线鼠标,7,2024-06-01
Site C,无线鼠标,7,2024-06-02
Site C,无线鼠标,7,2024-06-03
Site C,无线鼠标,7,2024-06-04
Site C,无线鼠标,7,2024-06-05
Site C,无线鼠标,7,2024-06-06
Site C,无线鼠标,7,2024-06-07
Site C,无线鼠标,7,2024-06-08
Site C,无线鼠标,7,2024-06-09
Site C,无线鼠标,7,2024-06-10
Site C,无线鼠标,7,2024-06-11
Site C,无线鼠标,7,2024-06-12
Site C,无线鼠标,7,2024-06-13
Site C,无线鼠标,7,2024-06-14
Site C,无线鼠标,7,2024-06-15
Site C,无线鼠标,7,2024-06-16
Site C,无线鼠标,7,2024-06-17
Site C,无线鼠标,7,2024-06-18
Site C,无线鼠标,7,2024-06-19
Site C,无线鼠标,7,2024-06-20
Site C,无线鼠标,7,2024-06-21
Site C,无线鼠标,7,2024-06-22
Site C,无线鼠标,7,2024-06-23
Site C,无线鼠标,7,2024-06-24
Site C,无线鼠标,7,2024-06-25
Site C,无线鼠标,7,2024-06-26
Site C,无线鼠标,7,2024-06-27
Site C,无线鼠标,7,2024-06-28
Site C,无线鼠标,7,2024-06-29
Site C,无线鼠标,7,2024-06-30
Site C,无线鼠标,7,2024-07-01
Site C,无线鼠标,7,2024-07-02
Site C,无线鼠标,7,2024-07-03
Site C,无线鼠标,7,2024-07-04
Site C,无线鼠标,7,2024-07-05
Site C,无线鼠标,7,2024-07-06
Site C,无线鼠标,7,2024-07-07
Site C,无线鼠标,7,2024-07-08
Site C,无线鼠标,7,2024-07-09
Site C,无线鼠标,7,2024-07-10
Site C,无线鼠标,7,2024-07-11
Site C,无线鼠标,7,2024-07-12
Site C,无线鼠标,7,2024-07-13
Site C,无线鼠标,7,2024-07-14
Site C,无线鼠标,7,2024-07-15
Site C,无线鼠标,7,2024-07-16
Site C,无线鼠标,7,2024-07-17
Site C,无线鼠标,7,2024-07-18
Site C,无线鼠标,7,2024-07-19
Site C,无线鼠标,7,2024-07-20
Site C,无线鼠标,7,2024-07-21
Site C,无线鼠标,7,2024-07-22
Site C,无线鼠标,7,2024-07-23
Site C,无线鼠标,7,2024-07-24
Site C,无线鼠标,7,2024-07-25
Site C,无线鼠标,7,2024-07-26
Site C,无线鼠标,7,2024-07-27
Site C,无线鼠标,7,2024-07-28
Site C,无线鼠标,7,2024-07-29
Site C,无线鼠标,7,2024-07-30
Site C,显示器,8,2024-06-01
Site C,显示器,8,2024-06-02
Site C,显示器,8,2024-06-03
Site C,显示器,8,2024-06-04
Site C,显示器,8,2024-06-05
Site C,显示器,8,2024-06-06
Site C,显示器,8,2024-06-07
Site C,显示器,8,2024-06-08
Site C,显示器,8,2024-06-09
Site C,显示器,8,2024-06-10
Site C,显示器,8,2024-06-11
Site C,显示器,8,2024-06-12
Site C,显示器,8,2024-06-13
Site C,显示器,8,2024-06-14
Site C,显示器,8,2024-06-15
Site C,显示器,8,2024-06-16
Site C,显示器,8,2024-06-17
Site C,显示器,8,2024-06-18
Site C,显示器,8,2024-06-19
Site C,显示器,8,2024-06-20
Site C,显示器,8,2024-06-21
Site C,显示器,8,2024-06-22
Site C,显示器,8,2024-06-23
Site C,显示器,8,2024-06-24
Site C,显示器,8,2024-06-25
Site C,显示器,8,2024-06-26
Site C,显示器,8,2024-06-27
Site C,显示器,8,2024-06-28
Site C,显示器,8,2024-06-29
Site C,显示器,8,2024-06-30
Site C,显示器,8,2024-07-01
Site C,显示器,8,2024-07-02
Site C,显示器,8,2024-07-03
Site C,显示器,8,2024-07-04
Site C,显示器,8,2024-07-05
Site C,显示器,8,2024-07-06
Site C,显示器,8,2024-07-07
Site C,显示器,8,2024-07-08
Site C,显示器,8,2024-07-09
Site C,显示器,8,2024-07-10
Site C,显示器,8,2024-07-11
Site C,显示器,8,2024-07-12
Site C,显示器,8,2024-07-13
Site C,显示器,8,2024-07-14
Site C,显示器,8,2024-07-15
Site C,显示器,8,2024-07-16
Site C,显示器,8,2024-07-17
Site C,显示器,8,2024-07-18
Site C,显示器,8,2024-07-19
Site C,显示器,8,2024-07-20
Site C,显示器,8,2024-07-21
Site C,显示器,8,2024-07-22
Site C,显示器,8,2024-07-23
Site C,显示器,8,2024-07-24
Site C,显示器,8,2024-07-25
Site C,显示器,8,2024-07-26
Site C,显示器,8,2024-07-27
Site C,显示器,8,2024-07-28
Site C,显示器,8,2024-07-29
Site C,显示器,8,2024-07-30
Site C,办公椅,9,2024-06-01
Site C,办公椅,9,2024-06-02
Site C,办公椅,9,2024-06-03
Site C,办公椅,9,2024-06-04
Site C,办公椅,9,2024-06-05
Site C,办公椅,9,2024-06-06
Site C,办公椅,9,2024-06-07
Site C,办公椅,9,2024-06-08
Site C,办公椅,9,2024-06-09
Site C,办公椅,9,2024-06-10
Site C,办公椅,9,2024-06-11
Site C,办公椅,9,2024-06-12
Site C,办公椅,9,2024-06-13
Site C,办公椅,9,2024-06-14
Site C,办公椅,9,2024-06-15
Site C,办公椅,9,2024-06-16
Site C,办公椅,9,2024-06-17
Site C,办公椅,9,2024-06-18
Site C,办公椅,9,2024-06-19
Site C,办公椅,9,2024-06-20
Site C,办公椅,9,2024-06-21
Site C,办公椅,9,2024-06-22
Site C,办公椅,9,2024-06-23
Site C,办公椅,9,2024-06-24
Site C,办公椅,9,2024-06-25
Site C,办公椅,9,2024-06-26
Site C,办公椅,9,2024-06-27
Site C,办公椅,9,2024-06-28
Site C,办公椅,9,2024-06-29
Site C,办公椅,9,2024-06-30
Site C,办公椅,9,2024-07-01
Site C,办公椅,9,2024-07-02
Site C,办公椅,9,2024-07-03
Site C,办公椅,9,2024-07-04
Site C,办公椅,9,2024-07-05
Site C,办公椅,9,2024-07-06
Site C,办公椅,9,2024-07-07
Site C,办公椅,9,2024-07-08
Site C,办公椅,9,2024-07-09
Site C,办公椅,9,2024-07-10
Site C,办公椅,9,2024-07-11
Site C,办公椅,9,2024-07-12
Site C,办公椅,9,2024-07-13
Site C,办公椅,9,2024-07-14
Site C,办公椅,9,2024-07-15
Site C,办公椅,9,2024-07-16
Site C,办公椅,9,2024-07-17
Site C,办公椅,9,2024-07-18
Site C,办公椅,9,2024-07-19
Site C,办公椅,9,2024-07-20
Site C,办公椅,9,2024-07-21
Site C,办公椅,9,2024-07-22
Site C,办公椅,9,2024-07-23
Site C,办公椅,9,2024-07-24
Site C,办公椅,9,2024-07-25
Site C,办公椅,9,2024-07-26
Site C,办公椅,9,2024-07-27
Site C,办公椅,9,2024-07-28
Site C,办公椅,9,2024-07-29
Site C,办公椅,9,2024-07-30
Site C,打印机,10,2024-06-01
Site C,打印机,10,2024-06-02
Site C,打印机,10,2024-06-03
Site C,打印机,10,2024-06-04
Site C,打印机,10,2024-06-05
Site C,打印机,10,2024-06-06
Site C,打印机,10,2024-06-07
Site C,打印机,10,2024-06-08
Site C,打印机,10,2024-06-09
Site C,打印机,10,2024-06-10
Site C,打印机,10,2024-06-11
Site C,打印机,10,2024-06-12
Site C,打印机,10,2024-06-13
Site C,打印机,10,2024-06-14
Site C,打印机,10,2024-06-15
Site C,打印机,10,2024-06-16
Site C,打印机,10,2024-06-17
Site C,打印机,10,2024-06-18
Site C,打印机,10,2024-06-19
Site C,打印机,10,2024-06-20
Site C,打印机,10,2024-06-21
Site C,打印机,10,2024-06-22
Site C,打印机,10,2024-06-23
Site C,打印机,10,2024-06-24
Site C,打印机,10,2024-06-25
Site C,打印机,10,2024-06-26
Site C,打印机,10,2024-06-27
Site C,打印机,10,2024-06-28
Site C,打印机,10,2024-06-29
Site C,打印机,10,2024-06-30
Site C,打印机,10,2024-07-01
Site C,打印机,10,2024-07-02
Site C,打印机,10,2024-07-03
Site C,打印机,10,2024-07-04
Site C,打印机,10,2024-07-05
Site C,打印机,10,2024-07-06
Site C,打印机,10,2024-07-07
Site C,打印机,10,2024-07-08
Site C,打印机,10,2024-07-09
Site C,打印机,10,2024-07-10
Site C,打印机,10,2024-07-11
Site C,打印机,10,2024-07-12
Site C,打印机,10,2024-07-13
Site C,打印机,10,2024-07-14
Site C,打印机,10,2024-07-15
Site C,打印机,10,2024-07-16
Site C,打印机,10,2024-07-17
Site C,打印机,10,2024-07-18
Site C,打印机,10,2024-07-19
Site C,打印机,10,2024-07-20
Site C,打印机,10,2024-07-21
Site C,打印机,10,2024-07-22
Site C,打印机,10,2024-07-23
Site C,打印机,10,2024-07-24
Site C,打印机,10,2024-07-25
Site C,打印机,10,2024-07-26
Site C,打印机,10,2024-07-27
Site C,打印机,10,2024-07-28
Site C,打印机,10,2024-07-29
Site C,打印机,10,2024-07-30
Site C,路由器,11,2024-06-01
Site C,路由器,11,2024-06-02
Site C,路由器,11,2024-06-03
Site C,路由器,11,2024-06-04
Site C,路由器,11,2024-06-05
Site C,路由器,11,2024-06-06
Site C,路由器,11,2024-06-07
Site C,路由器,11,2024-06-08
Site C,路由器,11,2024-06-09
Site C,路由器,11,2024-06-10
Site C,路由器,11,2024-06-11
Site C,路由器,11,2024-06-12
Site C,路由器,11,2024-06-13
Site C,路由器,11,2024-06-14
Site C,路由器,11,2024-06-15
Site C,路由器,11,2024-06-16
Site C,路由器,11,2024-06-17
Site C,路由器,11,2024-06-18
Site C,路由器,11,2024-06-19
Site C,路由器,11,2024-06-20
Site C,路由器,11,2024-06-21
Site C,路由器,11,2024-06-22
Site C,路由器,11,2024-06-23
Site C,路由器,11,2024-06-24
Site C,路由器,11,2024-06-25
Site C,路由器,11,2024-06-26
Site C,路由器,11,2024-06-27
Site C,路由器,11,2024-06-28
Site C,路由器,11,2024-06-29
Site C,路由器,11,2024-06-30
Site C,路由器,11,2024-07-01
Site C,路由器,11,2024-07-02
Site C,路由器,11,2024-07-03
Site C,路由器,11,2024-07-04
Site C,路由器,11,2024-07-05
Site C,路由器,11,2024-07-06
Site C,路由器,11,2024-07-07
Site C,路由器,11,2024-07-08
Site C,路由器,11,2024-07-09
Site C,路由器,11,2024-07-10
Site C,路由器,11,2024-07-11
Site C,路由器,11,2024-07-12
Site C,路由器,11,2024-07-13
Site C,路由器,11,2024-07-14
Site C,路由器,11,2024-07-15
Site C,路由器,11,2024-07-16
Site C,路由器,11,2024-07-17
Site C,路由器,11,2024-07-18
Site C,路由器,11,2024-07-19
Site C,路由器,11,2024-07-20
Site C,路由器,11,2024-07-21
Site C,路由器,11,2024-07-22
Site C,路由器,11,2024-07-23
Site C,路由器,11,2024-07-24
Site C,路由器,11,2024-07-25
Site C,路由器,11,2024-07-26
Site C,路由器,11,2024-07-27
Site C,路由器,11,2024-07-28
Site C,路由器,11,2024-07-29
Site C,路由器,11,2024-07-30
Site C,固态硬盘,12,2024-06-01
Site C,固态硬盘,12,2024-06-02
Site C,固态硬盘,12,2024-06-03
Site C,固态硬盘,12,2024-06-04
Site C,固态硬盘,12,2024-06-05
Site C,固态硬盘,12,2024-06-06
Site C,固态硬盘,12,2024-06-07
Site C,固态硬盘,12,2024-06-08
Site C,固态硬盘,12,2024-06-09
Site C,固态硬盘,12,2024-06-10
Site C,固态硬盘,12,2024-06-11
Site C,固态硬盘,12,2024-06-12
Site C,固态硬盘,12,2024-06-13
Site C,固态硬盘,12,2024-06-14
Site C,固态硬盘,12,2024-06-15
Site C,固态硬盘,12,2024-06-16
Site C,固态硬盘,12,2024-06-17
Site C,固态硬盘,12,2024-06-18
Site C,固态硬盘,12,2024-06-19
Site C,固态硬盘,12,2024-06-20
Site C,固态硬盘,12,2024-06-21
Site C,固态硬盘,12,2024-06-22
Site C,固态硬盘,12,2024-06-23
Site C,固态硬盘,12,2024-06-24
Site C,固态硬盘,12,2024-06-25
Site C,固态硬盘,12,2024-06-26
Site C,固态硬盘,12,2024-06-27
Site C,固态硬盘,12,2024-06-28
Site C,固态硬盘,12,2024-06-29
Site C,固态硬盘,12,2024-06-30
Site C,固态硬盘,12,2024-07-01
Site C,固态硬盘,12,2024-07-02
Site C,固态硬盘,12,2024-07-03
Site C,固态硬盘,12,2024-07-04
Site C,固态硬盘,12,2024-07-05
Site C,固态硬盘,12,2024-07-06
Site C,固态硬盘,12,2024-07-07
Site C,固态硬盘,12,2024-07-08
Site C,固态硬盘,12,2024-07-09
Site C,固态硬盘,12,2024-07-10
Site C,固态硬盘,12,2024-07-11
Site C,固态硬盘,12,2024-07-12
Site C,固态硬盘,12,2024-07-13
Site C,固态硬盘,12,2024-07-14
Site C,固态硬盘,12,2024-07-15
Site C,固态硬盘,12,2024-07-16
Site C,固态硬盘,12,2024-07-17
Site C,固态硬盘,12,2024-07-18
Site C,固态硬盘,12,2024-07-19
Site C,固态硬盘,12,2024-07-20
Site C,固态硬盘,12,2024-07-21
Site C,固态硬盘,12,2024-07-22
Site C,固态硬盘,12,2024-07-23
Site C,固态硬盘,12,2024-07-24
Site C,固态硬盘,12,2024-07-25
Site C,固态硬盘,12,2024-07-26
Site C,固态硬盘,12,2024-07-27
Site C,固态硬盘,12,2024-07-28
Site C,固态硬盘,12,2024-07-29
Site C,固态硬盘,12,2024-07-30
Site C,内存条,13,2024-06-01
Site C,内存条,13,2024-06-02
Site C,内存条,13,2024-06-03
Site C,内存条,13,2024-06-04
Site C,内存条,13,2024-06-05
Site C,内存条,13,2024-06-06
Site C,内存条,13,2024-06-07
Site C,内存条,13,2024-06-08
Site C,内存条,13,2024-06-09
Site C,内存条,13,2024-06-10
Site C,内存条,13,2024-06-11
Site C,内存条,13,2024-06-12
Site C,内存条,13,2024-06-13
Site C,内存条,13,2024-06-14
Site C,内存条,13,2024-06-15
Site C,内存条,13,2024-06-16
Site C,内存条,13,2024-06-17
Site C,内存条,13,2024-06-18
Site C,内存条,13,2024-06-19
Site C,内存条,13,2024-06-20
Site C,内存条,13,2024-06-21
Site C,内存条,13,2024-06-22
Site C,内存条,13,2024-06-23
Site C,内存条,13,2024-06-24
Site C,内存条,13,2024-06-25
Site C,内存条,13,2024-06-26
Site C,内存条,13,2024-06-27
Site C,内存条,13,2024-06-28
Site C,内存条,13,2024-06-29
Site C,内存条,13,2024-06-30
Site C,内存条,13,2024-07-01
Site C,内存条,13,2024-07-02
Site C,内存条,13,2024-07-03
Site C,内存条,13,2024-07-04
Site C,内存条,13,2024-07-05
Site C,内存条,13,2024-07-06
Site C,内存条,13,2024-07-07
Site C,内存条,13,2024-07-08
Site C,内存条,13,2024-07-09
Site C,内存条,13,2024-07-10
Site C,内存条,13,2024-07-11
Site C,内存条,13,2024-07-12
Site C,内存条,13,2024-07-13
Site C,内存条,13,2024-07-14
Site C,内存条,13,2024-07-15
Site C,内存条,13,2024-07-16
Site C,内存条,13,2024-07-17
Site C,内存条,13,2024-07-18
Site C,内存条,13,2024-07-19
Site C,内存条,13,2024-07-20
Site C,内存条,13,2024-07-21
Site C,内存条,13,2024-07-22
Site C,内存条,13,2024-07-23
Site C,内存条,13,2024-07-24
Site C,内存条,13,2024-07-25
Site C,内存条,13,2024-07-26
Site C,内存条,13,2024-07-27
Site C,内存条,13,2024-07-28
Site C,内存条,13,2024-07-29
Site C,内存条,13,2024-07-30
Site C,显卡,14,2024-06-01
Site C,显卡,14,2024-06-02
Site C,显卡,14,2024-06-03
Site C,显卡,14,2024-06-04
Site C,显卡,14,2024-06-05
Site C,显卡,14,2024-06-06
Site C,显卡,14,2024-06-07
Site C,显卡,14,2024-06-08
Site C,显卡,14,2024-06-09
Site C,显卡,14,2024-06-10
Site C,显卡,14,2024-06-11
Site C,显卡,14,2024-06-12
Site C,显卡,14,2024-06-13
Site C,显卡,14,2024-06-14
Site C,显卡,14,2024-06-15
Site C,显卡,14,2024-06-16
Site C,显卡,14,2024-06-17
Site C,显卡,14,2024-06-18
Site C,显卡,14,2024-06-19
Site C,显卡,14,2024-06-20
Site C,显卡,14,2024-06-21
Site C,显卡,14,2024-06-22
Site C,显卡,14,2024-06-23
Site C,显卡,14,2024-06-24
Site C,显卡,14,2024-06-25
Site C,显卡,14,2024-06-26
Site C,显卡,14,2024-06-27
Site C,显卡,14,2024-06-28
Site C,显卡,14,2024-06-29
Site C,显卡,14,2024-06-30
Site C,显卡,14,2024-07-01
Site C,显卡,14,2024-07-02
Site C,显卡,14,2024-07-03
Site C,显卡,14,2024-07-04
Site C,显卡,14,2024-07-05
Site C,显卡,14,2024-07-06
Site C,显卡,14,2024-07-07
Site C,显卡,14,2024-07-08
Site C,显卡,14,2024-07-09
Site C,显卡,14,2024-07-10
Site C,显卡,14,2024-07-11
Site C,显卡,14,2024-07-12
Site C,显卡,14,2024-07-13
Site C,显卡,14,2024-07-14
Site C,显卡,14,2024-07-15
Site C,显卡,14,2024-07-16
Site C,显卡,14,2024-07-17
Site C,显卡,14,2024-07-18
Site C,显卡,14,2024-07-19
Site C,显卡,14,2024-07-20
Site C,显卡,14,2024-07-21
Site C,显卡,14,2024-07-22
Site C,显卡,14,2024-07-23
Site C,显卡,14,2024-07-24
Site C,显卡,14,2024-07-25
Site C,显卡,14,2024-07-26
Site C,显卡,14,2024-07-27
Site C,显卡,14,2024-07-28
Site C,显卡,14,2024-07-29
Site C,显卡,14,2024-07-30
Site C,主板,15,2024-06-01
Site C,主板,15,2024-06-02
Site C,主板,15,2024-06-03
Site C,主板,15,2024-06-04
Site C,主板,15,2024-06-05
Site C,主板,15,2024-06-06
Site C,主板,15,2024-06-07
Site C,主板,15,2024-06-08
Site C,主板,15,2024-06-09
Site C,主板,15,2024-06-10
Site C,主板,15,2024-06-11
Site C,主板,15,2024-06-12
Site C,主板,15,2024-06-13
Site C,主板,15,2024-06-14
Site C,主板,15,2024-06-15
Site C,主板,15,2024-06-16
Site C,主板,15,2024-06-17
Site C,主板,15,2024-06-18
Site C,主板,15,2024-06-19
Site C,主板,15,2024-06-20
Site C,主板,15,2024-06-21
Site C,主板,15,2024-06-22
Site C,主板,15,2024-06-23
Site C,主板,15,2024-06-24
Site C,主板,15,2024-06-25
Site C,主板,15,2024-06-26
Site C,主板,15,2024-06-27
Site C,主板,15,2024-06-28
Site C,主板,15,2024-06-29
Site C,主板,15,2024-06-30
Site C,主板,15,2024-07-01
Site C,主板,15,2024-07-02
Site C,主板,15,2024-07-03
Site C,主板,15,2024-07-04
Site C,主板,15,2024-07-05
Site C,主板,15,2024-07-06
Site C,主板,15,2024-07-07
Site C,主板,15,2024-07-08
Site C,主板,15,2024-07-09
Site C,主板,15,2024-07-10
Site C,主板,15,2024-07-11
Site C,主板,15,2024-07-12
Site C,主板,15,2024-07-13
Site C,主板,15,2024-07-14
Site C,主板,15,2024-07-15
Site C,主板,15,2024-07-16
Site C,主板,15,2024-07-17
Site C,主板,15,2024-07-18
Site C,主板,15,2024-07-19
Site C,主板,15,2024-07-20
Site C,主板,15,2024-07-21
Site C,主板,15,2024-07-22
Site C,主板,15,2024-07-23
Site C,主板,15,2024-07-24
Site C,主板,15,2024-07-25
Site C,主板,15,2024-07-26
Site C,主板,15,2024-07-27
Site C,主板,15,2024-07-28
Site C,主板,15,2024-07-29
Site C,主板,15,2024-07-30
Site C,电源,16,2024-06-01
Site C,电源,16,2024-06-02
Site C,电源,16,2024-06-03
Site C,电源,16,2024-06-04
Site C,电源,16,2024-06-05
Site C,电源,16,2024-06-06
Site C,电源,16,2024-06-07
Site C,电源,16,2024-06-08
Site C,电源,16,2024-06-09
Site C,电源,16,2024-06-10
Site C,电源,16,2024-06-11
Site C,电源,16,2024-06-12
Site C,电源,16,2024-06-13
Site C,电源,16,2024-06-14
Site C,电源,16,2024-06-15
Site C,电源,16,2024-06-16
Site C,电源,16,2024-06-17
Site C,电源,16,2024-06-18
Site C,电源,16,2024-06-19
Site C,电源,16,2024-06-20
Site C,电源,16,2024-06-21
Site C,电源,16,2024-06-22
Site C,电源,16,2024-06-23
Site C,电源,16,2024-06-24
Site C,电源,16,2024-06-25
Site C,电源,16,2024-06-26
Site C,电源,16,2024-06-27
Site C,电源,16,2024-06-28
Site C,电源,16,2024-06-29
Site C,电源,16,2024-06-30
Site C,电源,16,2024-07-01
Site C,电源,16,2024-07-02
Site C,电源,16,2024-07-03
Site C,电源,16,2024-07-04
Site C,电源,16,2024-07-05
Site C,电源,16,2024-07-06
Site C,电源,16,2024-07-07
Site C,电源,16,2024-07-08
Site C,电源,16,2024-07-09
Site C,电源,16,2024-07-10
Site C,电源,16,2024-07-11
Site C,电源,16,2024-07-12
Site C,电源,16,2024-07-13
Site C,电源,16,2024-07-14
Site C,电源,16,2024-07-15
Site C,电源,16,2024-07-16
Site C,电源,16,2024-07-17
Site C,电源,16,2024-07-18
Site C,电源,16,2024-07-19
Site C,电源,16,2024-07-20
Site C,电源,16,2024-07-21
Site C,电源,16,2024-07-22
Site C,电源,16,2024-07-23
Site C,电源,16,2024-07-24
Site C,电源,16,2024-07-25
Site C,电源,16,2024-07-26
Site C,电源,16,2024-07-27
Site C,电源,16,2024-07-28
Site C,电源,16,2024-07-29
Site C,电源,16,2024-07-30
Site C,机箱,17,2024-06-01
Site C,机箱,17,2024-06-02
Site C,机箱,17,2024-06-03
Site C,机箱,17,2024-06-04
Site C,机箱,17,2024-06-05
Site C,机箱,17,2024-06-06
Site C,机箱,17,2024-06-07
Site C,机箱,17,2024-06-08
Site C,机箱,17,2024-06-09
Site C,机箱,17,2024-06-10
Site C,机箱,17,2024-06-11
Site C,机箱,17,2024-06-12
Site C,机箱,17,2024-06-13
Site C,机箱,17,2024-06-14
Site C,机箱,17,2024-06-15
Site C,机箱,17,2024-06-16
Site C,机箱,17,2024-06-17
Site C,机箱,17,2024-06-18
Site C,机箱,17,2024-06-19
Site C,机箱,17,2024-06-20
Site C,机箱,17,2024-06-21
Site C,机箱,17,2024-06-22
Site C,机箱,17,2024-06-23
Site C,机箱,17,2024-06-24
Site C,机箱,17,2024-06-25
Site C,机箱,17,2024-06-26
Site C,机箱,17,2024-06-27
Site C,机箱,17,2024-06-28
Site C,机箱,17,2024-06-29
Site C,机箱,17,2024-06-30
Site C,机箱,17,2024-07-01
Site C,机箱,17,2024-07-02
Site C,机箱,17,2024-07-03
Site C,机箱,17,2024-07-04
Site C,机箱,17,2024-07-05
Site C,机箱,17,2024-07-06
Site C,机箱,17,2024-07-07
Site C,机箱,17,2024-07-08
Site C,机箱,17,2024-07-09
Site C,机箱,17,2024-07-10
Site C,机箱,17,2024-07-11
Site C,机箱,17,2024-07-12
Site C,机箱,17,2024-07-13
Site C,机箱,17,2024-07-14
Site C,机箱,17,2024-07-15
Site C,机箱,17,2024-07-16
Site C,机箱,17,2024-07-17
Site C,机箱,17,2024-07-18
Site C,机箱,17,2024-07-19
Site C,机箱,17,2024-07-20
Site C,机箱,17,2024-07-21
Site C,机箱,17,2024-07-22
Site C,机箱,17,2024-07-23
Site C,机箱,17,2024-07-24
Site C,机箱,17,2024-07-25
Site C,机箱,17,2024-07-26
Site C,机箱,17,2024-07-27
Site C,机箱,17,2024-07-28
Site C,机箱,17,2024-07-29
Site C,机箱,17,2024-07-30
Site C,摄像头,18,2024-06-01
Site C,摄像头,18,2024-06-02
Site C,摄像头,18,2024-06-03
Site C,摄像头,18,2024-06-04
Site C,摄像头,18,2024-06-05
Site C,摄像头,18,2024-06-06
Site C,摄像头,18,2024-06-07
Site C,摄像头,18,2024-06-08
Site C,摄像头,18,2024-06-09
Site C,摄像头,18,2024-06-10
Site C,摄像头,18,2024-06-11
Site C,摄像头,18,2024-06-12
Site C,摄像头,18,2024-06-13
Site C,摄像头,18,2024-06-14
Site C,摄像头,18,2024-06-15
Site C,摄像头,18,2024-06-16
Site C,摄像头,18,2024-06-17
Site C,摄像头,18,2024-06-18
Site C,摄像头,18,2024-06-19
Site C,摄像头,18,2024-06-20
Site C,摄像头,18,2024-06-21
Site C,摄像头,18,2024-06-22
Site C,摄像头,18,2024-06-23
Site C,摄像头,18,2024-06-24
Site C,摄像头,18,2024-06-25
Site C,摄像头,18,2024-06-26
Site C,摄像头,18,2024-06-27
Site C,摄像头,18,2024-06-28
Site C,摄像头,18,2024-06-29
Site C,摄像头,18,2024-06-30
Site C,摄像头,18,2024-07-01
Site C,摄像头,18,2024-07-02
Site C,摄像头,18,2024-07-03
Site C,摄像头,18,2024-07-04
Site C,摄像头,18,2024-07-05
Site C,摄像头,18,2024-07-06
Site C,摄像头,18,2024-07-07
Site C,摄像头,18,2024-07-08
Site C,摄像头,18,2024-07-09
Site C,摄像头,18,2024-07-10
Site C,摄像头,18,2024-07-11
Site C,摄像头,18,2024-07-12
Site C,摄像头,18,2024-07-13
Site C,摄像头,18,2024-07-14
Site C,摄像头,18,2024-07-15
Site C,摄像头,18,2024-07-16
Site C,摄像头,18,2024-07-17
Site C,摄像头,18,2024-07-18
Site C,摄像头,18,2024-07-19
Site C,摄像头,18,2024-07-20
Site C,摄像头,18,2024-07-21
Site C,摄像头,18,2024-07-22
Site C,摄像头,18,2024-07-23
Site C,摄像头,18,2024-07-24
Site C,摄像头,18,2024-07-25
Site C,摄像头,18,2024-07-26
Site C,摄像头,18,2024-07-27
Site C,摄像头,18,2024-07-28
Site C,摄像头,18,2024-07-29
Site C,摄像头,18,2024-07-30
Site C,麦克风,19,2024-06-01
Site C,麦克风,19,2024-06-02
Site C,麦克风,19,2024-06-03
Site C,麦克风,19,2024-06-04
Site C,麦克风,19,2024-06-05
Site C,麦克风,19,2024-06-06
Site C,麦克风,19,2024-06-07
Site C,麦克风,19,2024-06-08
Site C,麦克风,19,2024-06-09
Site C,麦克风,19,2024-06-10
Site C,麦克风,19,2024-06-11
Site C,麦克风,19,2024-06-12
Site C,麦克风,19,2024-06-13
Site C,麦克风,19,2024-06-14
Site C,麦克风,19,2024-06-15
Site C,麦克风,19,2024-06-16
Site C,麦克风,19,2024-06-17
Site C,麦克风,19,2024-06-18
Site C,麦克风,19,2024-06-19
Site C,麦克风,19,2024-06-20
Site C,麦克风,19,2024-06-21
Site C,麦克风,19,2024-06-22
Site C,麦克风,19,2024-06-23
Site C,麦克风,19,2024-06-24
Site C,麦克风,19,2024-06-25
Site C,麦克风,19,2024-06-26
Site C,麦克风,19,2024-06-27
Site C,麦克风,19,2024-06-28
Site C,麦克风,19,2024-06-29
Site C,麦克风,19,2024-06-30
Site C,麦克风,19,2024-07-01
Site C,麦克风,19,2024-07-02
Site C,麦克风,19,2024-07-03
Site C,麦克风,19,2024-07-04
Site C,麦克风,19,2024-07-05
Site C,麦克风,19,2024-07-06
Site C,麦克风,19,2024-07-07
Site C,麦克风,19,2024-07-08
Site C,麦克风,19,2024-07-09
Site C,麦克风,19,2024-07-10
Site C,麦克风,19,2024-07-11
Site C,麦克风,19,2024-07-12
Site C,麦克风,19,2024-07-13
Site C,麦克风,19,2024-07-14
Site C,麦克风,19,2024-07-15
Site C,麦克风,19,2024-07-16
Site C,麦克风,19,2024-07-17
Site C,麦克风,19,2024-07-18
Site C,麦克风,19,2024-07-19
Site C,麦克风,19,2024-07-20
Site C,麦克风,19,2024-07-21
Site C,麦克风,19,2024-07-22
Site C,麦克风,19,2024-07-23
Site C,麦克风,19,2024-07-24
Site C,麦克风,19,2024-07-25
Site C,麦克风,19,2024-07-26
Site C,麦克风,19,2024-07-27
Site C,麦克风,19,2024-07-28
Site C,麦克风,19,2024-07-29
Site C,麦克风,19,2024-07-30
Site C,耳机,20,2024-06-01
Site C,耳机,20,2024-06-02
Site C,耳机,20,2024-06-03
Site C,耳机,20,2024-06-04
Site C,耳机,20,2024-06-05
Site C,耳机,20,2024-06-06
Site C,耳机,20,2024-06-07
Site C,耳机,20,2024-06-08
Site C,耳机,20,2024-06-09
Site C,耳机,20,2024-06-10
Site C,耳机,20,2024-06-11
Site C,耳机,20,2024-06-12
Site C,耳机,20,2024-06-13
Site C,耳机,20,2024-06-14
Site C,耳机,20,2024-06-15
Site C,耳机,20,2024-06-16
Site C,耳机,20,2024-06-17
Site C,耳机,20,2024-06-18
Site C,耳机,20,2024-06-19
Site C,耳机,20,2024-06-20
Site C,耳机,20,2024-06-21
Site C,耳机,20,2024-06-22
Site C,耳机,20,2024-06-23
Site C,耳机,20,2024-06-24
Site C,耳机,20,2024-06-25
Site C,耳机,20,2024-06-26
Site C,耳机,20,2024-06-27
Site C,耳机,20,2024-06-28
Site C,耳机,20,2024-06-29
Site C,耳机,20,2024-06-30
Site C,耳机,20,2024-07-01
Site C,耳机,20,2024-07-02
Site C,耳机,20,2024-07-03
Site C,耳机,20,2024-07-04
Site C,耳机,20,2024-07-05
Site C,耳机,20,2024-07-06
Site C,耳机,20,2024-07-07
Site C,耳机,20,2024-07-08
Site C,耳机,20,2024-07-09
Site C,耳机,20,2024-07-10
Site C,耳机,20,2024-07-11
Site C,耳机,20,2024-07-12
Site C,耳机,20,2024-07-13
Site C,耳机,20,2024-07-14
Site C,耳机,20,2024-07-15
Site C,耳机,20,2024-07-16
Site C,耳机,20,2024-07-17
Site C,耳机,20,2024-07-18
Site C,耳机,20,2024-07-19
Site C,耳机,20,2024-07-20
Site C,耳机,20,2024-07-21
Site C,耳机,20,2024-07-22
Site C,耳机,20,2024-07-23
Site C,耳机,20,2024-07-24
Site C,耳机,20,2024-07-25
Site C,耳机,20,2024-07-26
Site C,耳机,20,2024-07-27
Site C,耳机,20,2024-07-28
Site C,耳机,20,2024-07-29
Site C,耳机,20,2024-07-30
Site C,平板,21,2024-06-01
Site C,平板,21,2024-06-02
Site C,平板,21,2024-06-03
Site C,平板,21,2024-06-04
Site C,平板,21,2024-06-05
Site C,平板,21,2024-06-06
Site C,平板,21,2024-06-07
Site C,平板,21,2024-06-08
Site C,平板,21,2024-06-09
Site C,平板,21,2024-06-10
Site C,平板,21,2024-06-11
Site C,平板,21,2024-06-12
Site C,平板,21,2024-06-13
Site C,平板,21,2024-06-14
Site C,平板,21,2024-06-15
Site C,平板,21,2024-06-16
Site C,平板,21,2024-06-17
Site C,平板,21,2024-06-18
Site C,平板,21,2024-06-19
Site C,平板,21,2024-06-20
Site C,平板,21,2024-06-21
Site C,平板,21,2024-06-22
Site C,平板,21,2024-06-23
Site C,平板,21,2024-06-24
Site C,平板,21,2024-06-25
Site C,平板,21,2024-06-26
Site C,平板,21,2024-06-27
Site C,平板,21,2024-06-28
Site C,平板,21,2024-06-29
Site C,平板,21,2024-06-30
Site C,平板,21,2024-07-01
Site C,平板,21,2024-07-02
Site C,平板,21,2024-07-03
Site C,平板,21,2024-07-04
Site C,平板,21,2024-07-05
Site C,平板,21,2024-07-06
Site C,平板,21,2024-07-07
Site C,平板,21,2024-07-08
Site C,平板,21,2024-07-09
Site C,平板,21,2024-07-10
Site C,平板,21,2024-07-11
Site C,平板,21,2024-07-12
Site C,平板,21,2024-07-13
Site C,平板,21,2024-07-14
Site C,平板,21,2024-07-15
Site C,平板,21,2024-07-16
Site C,平板,21,2024-07-17
Site C,平板,21,2024-07-18
Site C,平板,21,2024-07-19
Site C,平板,21,2024-07-20
Site C,平板,21,2024-07-21
Site C,平板,21,2024-07-22
Site C,平板,21,2024-07-23
Site C,平板,21,2024-07-24
Site C,平板,21,2024-07-25
Site C,平板,21,2024-07-26
Site C,平板,21,2024-07-27
Site C,平板,21,2024-07-28
Site C,平板,21,2024-07-29
Site C,平板,21,2024-07-30
Site C,手机壳,22,2024-06-01
Site C,手机壳,22,2024-06-02
Site C,手机壳,22,2024-06-03
Site C,手机壳,22,2024-06-04
Site C,手机壳,22,2024-06-05
Site C,手机壳,22,2024-06-06
Site C,手机壳,22,2024-06-07
Site C,手机壳,22,2024-06-08
Site C,手机壳,22,2024-06-09
Site C,手机壳,22,2024-06-10
Site C,手机壳,22,2024-06-11
Site C,手机壳,22,2024-06-12
Site C,手机壳,22,2024-06-13
Site C,手机壳,22,2024-06-14
Site C,手机壳,22,2024-06-15
Site C,手机壳,22,2024-06-16
Site C,手机壳,22,2024-06-17
Site C,手机壳,22,2024-06-18
Site C,手机壳,22,2024-06-19
Site C,手机壳,22,2024-06-20
Site C,手机壳,22,2024-06-21
Site C,手机壳,22,2024-06-22
Site C,手机壳,22,2024-06-23
Site C,手机壳,22,2024-06-24
Site C,手机壳,22,2024-06-25
Site C,手机壳,22,2024-06-26
Site C,手机壳,22,2024-06-27
Site C,手机壳,22,2024-06-28
Site C,手机壳,22,2024-06-29
Site C,手机壳,22,2024-06-30
Site C,手机壳,22,2024-07-01
Site C,手机壳,22,2024-07-02
Site C,手机壳,22,2024-07-03
Site C,手机壳,22,2024-07-04
Site C,手机壳,22,2024-07-05
Site C,手机壳,22,2024-07-06
Site C,手机壳,22,2024-07-07
Site C,手机壳,22,2024-07-08
Site C,手机壳,22,2024-07-09
Site C,手机壳,22,2024-07-10
Site C,手机壳,22,2024-07-11
Site C,手机壳,22,2024-07-12
Site C,手机壳,22,2024-07-13
Site C,手机壳,22,2024-07-14
Site C,手机壳,22,2024-07-15
Site C,手机壳,22,2024-07-16
Site C,手机壳,22,2024-07-17
Site C,手机壳,22,2024-07-18
Site C,手机壳,22,2024-07-19
Site C,手机壳,22,2024-07-20
Site C,手机壳,22,2024-07-21
Site C,手机壳,22,2024-07-22
Site C,手机壳,22,2024-07-23
Site C,手机壳,22,2024-07-24
Site C,手机壳,22,2024-07-25
Site C,手机壳,22,2024-07-26
Site C,手机壳,22,2024-07-27
Site C,手机壳,22,2024-07-28
Site C,手机壳,22,2024-07-29
Site C,手机壳,22,2024-07-30
Site C,数据线,23,2024-06-01
Site C,数据线,23,2024-06-02
Site C,数据线,23,2024-06-03
Site C,数据线,23,2024-06-04
Site C,数据线,23,2024-06-05
Site C,数据线,23,2024-06-06
Site C,数据线,23,2024-06-07
Site C,数据线,23,2024-06-08
Site C,数据线,23,2024-06-09
Site C,数据线,23,2024-06-10
Site C,数据线,23,2024-06-11
Site C,数据线,23,2024-06-12
Site C,数据线,23,2024-06-13
Site C,数据线,23,2024-06-14
Site C,数据线,23,2024-06-15
Site C,数据线,23,2024-06-16
Site C,数据线,23,2024-06-17
Site C,数据线,23,2024-06-18
Site C,数据线,23,2024-06-19
Site C,数据线,23,2024-06-20
Site C,数据线,23,2024-06-21
Site C,数据线,23,2024-06-22
Site C,数据线,23,2024-06-23
Site C,数据线,23,2024-06-24
Site C,数据线,23,2024-06-25
Site C,数据线,23,2024-06-26
Site C,数据线,23,2024-06-27
Site C,数据线,23,2024-06-28
Site C,数据线,23,2024-06-29
Site C,数据线,23,2024-06-30
Site C,数据线,23,2024-07-01
Site C,数据线,23,2024-07-02
Site C,数据线,23,2024-07-03
Site C,数据线,23,2024-07-04
Site C,数据线,23,2024-07-05
Site C,数据线,23,2024-07-06
Site C,数据线,23,2024-07-07
Site C,数据线,23,2024-07-08
Site C,数据线,23,2024-07-09
Site C,数据线,23,2024-07-10
Site C,数据线,23,2024-07-11
Site C,数据线,23,2024-07-12
Site C,数据线,23,2024-07-13
Site C,数据线,23,2024-07-14
Site C,数据线,23,2024-07-15
Site C,数据线,23,2024-07-16
Site C,数据线,23,2024-07-17
Site C,数据线,23,2024-07-18
Site C,数据线,23,2024-07-19
Site C,数据线,23,2024-07-20
Site C,数据线,23,2024-07-21
Site C,数据线,23,2024-07-22
Site C,数据线,23,2024-07-23
Site C,数据线,23,2024-07-24
Site C,数据线,23,2024-07-25
Site C,数据线,23,2024-07-26
Site C,数据线,23,2024-07-27
Site C,数据线,23,2024-07-28
Site C,数据线,23,2024-07-29
Site C,数据线,23,2024-07-30
Site C,充电器,24,2024-06-01
Site C,充电器,24,2024-06-02
Site C,充电器,24,2024-06-03
Site C,充电器,24,2024-06-04
Site C,充电器,24,2024-06-05
Site C,充电器,24,2024-06-06
Site C,充电器,24,2024-06-07
Site C,充电器,24,2024-06-08
Site C,充电器,24,2024-06-09
Site C,充电器,24,2024-06-10
Site C,充电器,24,2024-06-11
Site C,充电器,24,2024-06-12
Site C,充电器,24,2024-06-13
Site C,充电器,24,2024-06-14
Site C,充电器,24,2024-06-15
Site C,充电器,24,2024-06-16
Site C,充电器,24,2024-06-17
Site C,充电器,24,2024-06-18
Site C,充电器,24,2024-06-19
Site C,充电器,24,2024-06-20
Site C,充电器,24,2024-06-21
Site C,充电器,24,2024-06-22
Site C,充电器,24,2024-06-23
Site C,充电器,24,2024-06-24
Site C,充电器,24,2024-06-25
Site C,充电器,24,2024-06-26
Site C,充电器,24,2024-06-27
Site C,充电器,24,2024-06-28
Site C,充电器,24,2024-06-29
Site C,充电器,24,2024-06-30
Site C,充电器,24,2024-07-01
Site C,充电器,24,2024-07-02
Site C,充电器,24,2024-07-03
Site C,充电器,24,2024-07-04
Site C,充电器,24,2024-07-05
Site C,充电器,24,2024-07-06
Site C,充电器,24,2024-07-07
Site C,充电器,24,2024-07-08
Site C,充电器,24,2024-07-09
Site C,充电器,24,2024-07-10
Site C,充电器,24,2024-07-11
Site C,充电器,24,2024-07-12
Site C,充电器,24,2024-07-13
Site C,充电器,24,2024-07-14
Site C,充电器,24,2024-07-15
Site C,充电器,24,2024-07-16
Site C,充电器,24,2024-07-17
Site C,充电器,24,2024-07-18
Site C,充电器,24,2024-07-19
Site C,充电器,24,2024-07-20
Site C,充电器,24,2024-07-21
Site C,充电器,24,2024-07-22
Site C,充电器,24,2024-07-23
Site C,充电器,24,2024-07-24
Site C,充电器,24,2024-07-25
Site C,充电器,24,2024-07-26
Site C,充电器,24,2024-07-27
Site C,充电器,24,2024-07-28
Site C,充电器,24,2024-07-29
Site C,充电器,24,2024-07-30
Site C,投影仪,5,2024-06-01
Site C,投影仪,5,2024-06-02
Site C,投影仪,5,2024-06-03
Site C,投影仪,5,2024-06-04
Site C,投影仪,5,2024-06-05
Site C,投影仪,5,2024-06-06
Site C,投影仪,5,2024-06-07
Site C,投影仪,5,2024-06-08
Site C,投影仪,5,2024-06-09
Site C,投影仪,5,2024-06-10
Site C,投影仪,5,2024-06-11
Site C,投影仪,5,2024-06-12
Site C,投影仪,5,2024-06-13
Site C,投影仪,5,2024-06-14
Site C,投影仪,5,2024-06-15
Site C,投影仪,5,2024-06-16
Site C,投影仪,5,2024-06-17
Site C,投影仪,5,2024-06-18
Site C,投影仪,5,2024-06-19
Site C,投影仪,5,2024-06-20
Site C,投影仪,5,2024-06-21
Site C,投影仪,5,2024-06-22
Site C,投影仪,5,2024-06-23
Site C,投影仪,5,2024-06-24
Site C,投影仪,5,2024-06-25
Site C,投影仪,5,2024-06-26
Site C,投影仪,5,2024-06-27
Site C,投影仪,5,2024-06-28
Site C,投影仪,5,2024-06-29
Site C,投影仪,5,2024-06-30
Site C,投影仪,5,2024-07-01
Site C,投影仪,5,2024-07-02
Site C,投影仪,5,2024-07-03
Site C,投影仪,5,2024-07-04
Site C,投影仪,5,2024-07-05
Site C,投影仪,5,2024-07-06
Site C,投影仪,5,2024-07-07
Site C,投影仪,5,2024-07-08
Site C,投影仪,5,2024-07-09
Site C,投影仪,5,2024-07-10
Site C,投影仪,5,2024-07-11
Site C,投影仪,5,2024-07-12
Site C,投影仪,5,2024-07-13
Site C,投影仪,5,2024-07-14
Site C,投影仪,5,2024-07-15
Site C,投影仪,5,2024-07-16
Site C,投影仪,5,2024-07-17
Site C,投影仪,5,2024-07-18
Site C,投影仪,5,2024-07-19
Site C,投影仪,5,2024-07-20
Site C,投影仪,5,2024-07-21
Site C,投影仪,5,2024-07-22
Site C,投影仪,5,2024-07-23
Site C,投影仪,5,2024-07-24
Site C,投影仪,5,2024-07-25
Site C,投影仪,5,2024-07-26
Site C,投影仪,5,2024-07-27
Site C,投影仪,5,2024-07-28
Site C,投影仪,5,2024-07-29
Site C,投影仪,5,2024-07-30
Site C,扫描仪,6,2024-06-01
Site C,扫描仪,6,2024-06-02
Site C,扫描仪,6,2024-06-03
Site C,扫描仪,6,2024-06-04
Site C,扫描仪,6,2024-06-05
Site C,扫描仪,6,2024-06-06
Site C,扫描仪,6,2024-06-07
Site C,扫描仪,6,2024-06-08
Site C,扫描仪,6,2024-06-09
Site C,扫描仪,6,2024-06-10
Site C,扫描仪,6,2024-06-11
Site C,扫描仪,6,2024-06-12
Site C,扫描仪,6,2024-06-13
Site C,扫描仪,6,2024-06-14
Site C,扫描仪,6,2024-06-15
Site C,扫描仪,6,2024-06-16
Site C,扫描仪,6,2024-06-17
Site C,扫描仪,6,2024-06-18
Site C,扫描仪,6,2024-06-19
Site C,扫描仪,6,2024-06-20
Site C,扫描仪,6,2024-06-21
Site C,扫描仪,6,2024-06-22
Site C,扫描仪,6,2024-06-23
Site C,扫描仪,6,2024-06-24
Site C,扫描仪,6,2024-06-25
Site C,扫描仪,6,2024-06-26
Site C,扫描仪,6,2024-06-27
Site C,扫描仪,6,2024-06-28
Site C,扫描仪,6,2024-06-29
Site C,扫描仪,6,2024-06-30
Site C,扫描仪,6,2024-07-01
Site C,扫描仪,6,2024-07-02
Site C,扫描仪,6,2024-07-03
Site C,扫描仪,6,2024-07-04
Site C,扫描仪,6,2024-07-05
Site C,扫描仪,6,2024-07-06
Site C,扫描仪,6,2024-07-07
Site C,扫描仪,6,2024-07-08
Site C,扫描仪,6,2024-07-09
Site C,扫描仪,6,2024-07-10
Site C,扫描仪,6,2024-07-11
Site C,扫描仪,6,2024-07-12
Site C,扫描仪,6,2024-07-13
Site C,扫描仪,6,2024-07-14
Site C,扫描仪,6,2024-07-15
Site C,扫描仪,6,2024-07-16
Site C,扫描仪,6,2024-07-17
Site C,扫描仪,6,2024-07-18
Site C,扫描仪,6,2024-07-19
Site C,扫描仪,6,2024-07-20
Site C,扫描仪,6,2024-07-21
Site C,扫描仪,6,2024-07-22
Site C,扫描仪,6,2024-07-23
Site C,扫描仪,6,2024-07-24
Site C,扫描仪,6,2024-07-25
Site C,扫描仪,6,2024-07-26
Site C,扫描仪,6,2024-07-27
Site C,扫描仪,6,2024-07-28
Site C,扫描仪,6,2024-07-29
Site C,扫描仪,6,2024-07-30
Site C,碎纸机,7,2024-06-01
Site C,碎纸机,7,2024-06-02
Site C,碎纸机,7,2024-06-03
Site C,碎纸机,7,2024-06-04
Site C,碎纸机,7,2024-06-05
Site C,碎纸机,7,2024-06-06
Site C,碎纸机,7,2024-06-07
Site C,碎纸机,7,2024-06-08
Site C,碎纸机,7,2024-06-09
Site C,碎纸机,7,2024-06-10
Site C,碎纸机,7,2024-06-11
Site C,碎纸机,7,2024-06-12
Site C,碎纸机,7,2024-06-13
Site C,碎纸机,7,2024-06-14
Site C,碎纸机,7,2024-06-15
Site C,碎纸机,7,2024-06-16
Site C,碎纸机,7,2024-06-17
Site C,碎纸机,7,2024-06-18
Site C,碎纸机,7,2024-06-19
Site C,碎纸机,7,2024-06-20
Site C,碎纸机,7,2024-06-21
Site C,碎纸机,7,2024-06-22
Site C,碎纸机,7,2024-06-23
Site C,碎纸机,7,2024-06-24
Site C,碎纸机,7,2024-06-25
Site C,碎纸机,7,2024-06-26
Site C,碎纸机,7,2024-06-27
Site C,碎纸机,7,2024-06-28
Site C,碎纸机,7,2024-06-29
Site C,碎纸机,7,2024-06-30
Site C,碎纸机,7,2024-07-01
Site C,碎纸机,7,2024-07-02
Site C,碎纸机,7,2024-07-03
Site C,碎纸机,7,2024-07-04
Site C,碎纸机,7,2024-07-05
Site C,碎纸机,7,2024-07-06
Site C,碎纸机,7,2024-07-07
Site C,碎纸机,7,2024-07-08
Site C,碎纸机,7,2024-07-09
Site C,碎纸机,7,2024-07-10
Site C,碎纸机,7,2024-07-11
Site C,碎纸机,7,2024-07-12
Site C,碎纸机,7,2024-07-13
Site C,碎纸机,7,2024-07-14
Site C,碎纸机,7,2024-07-15
Site C,碎纸机,7,2024-07-16
Site C,碎纸机,7,2024-07-17
Site C,碎纸机,7,2024-07-18
Site C,碎纸机,7,2024-07-19
Site C,碎纸机,7,2024-07-20
Site C,碎纸机,7,2024-07-21
Site C,碎纸机,7,2024-07-22
Site C,碎纸机,7,2024-07-23
Site C,碎纸机,7,2024-07-24
Site C,碎纸机,7,2024-07-25
Site C,碎纸机,7,2024-07-26
Site C,碎纸机,7,2024-07-27
Site C,碎纸机,7,2024-07-28
Site C,碎纸机,7,2024-07-29
Site C,碎纸机,7,2024-07-30
Site C,订书机,8,2024-06-01
Site C,订书机,8,2024-06-02
Site C,订书机,8,2024-06-03
Site C,订书机,8,2024-06-04
Site C,订书机,8,2024-06-05
Site C,订书机,8,2024-06-06
Site C,订书机,8,2024-06-07
Site C,订书机,8,2024-06-08
Site C,订书机,8,2024-06-09
Site C,订书机,8,2024-06-10
Site C,订书机,8,2024-06-11
Site C,订书机,8,2024-06-12
Site C,订书机,8,2024-06-13
Site C,订书机,8,2024-06-14
Site C,订书机,8,2024-06-15
Site C,订书机,8,2024-06-16
Site C,订书机,8,2024-06-17
Site C,订书机,8,2024-06-18
Site C,订书机,8,2024-06-19
Site C,订书机,8,2024-06-20
Site C,订书机,8,2024-06-21
Site C,订书机,8,2024-06-22
Site C,订书机,8,2024-06-23
Site C,订书机,8,2024-06-24
Site C,订书机,8,2024-06-25
Site C,订书机,8,2024-06-26
Site C,订书机,8,2024-06-27
Site C,订书机,8,2024-06-28
Site C,订书机,8,2024-06-29
Site C,订书机,8,2024-06-30
Site C,订书机,8,2024-07-01
Site C,订书机,8,2024-07-02
Site C,订书机,8,2024-07-03
Site C,订书机,8,2024-07-04
Site C,订书机,8,2024-07-05
Site C,订书机,8,2024-07-06
Site C,订书机,8,2024-07-07
Site C,订书机,8,2024-07-08
Site C,订书机,8,2024-07-09
Site C,订书机,8,2024-07-10
Site C,订书机,8,2024-07-11
Site C,订书机,8,2024-07-12
Site C,订书机,8,2024-07-13
Site C,订书机,8,2024-07-14
Site C,订书机,8,2024-07-15
Site C,订书机,8,2024-07-16
Site C,订书机,8,2024-07-17
Site C,订书机,8,2024-07-18
Site C,订书机,8,2024-07-19
Site C,订书机,8,2024-07-20
Site C,订书机,8,2024-07-21
Site C,订书机,8,2024-07-22
Site C,订书机,8,2024-07-23
Site C,订书机,8,2024-07-24
Site C,订书机,8,2024-07-25
Site C,订书机,8,2024-07-26
Site C,订书机,8,2024-07-27
Site C,订书机,8,2024-07-28
Site C,订书机,8,2024-07-29
Site C,订书机,8,2024-07-30
Site C,文件柜,9,2024-06-01
Site C,文件柜,9,2024-06-02
Site C,文件柜,9,2024-06-03
Site C,文件柜,9,2024-06-04
Site C,文件柜,9,2024-06-05
Site C,文件柜,9,2024-06-06
Site C,文件柜,9,2024-06-07
Site C,文件柜,9,2024-06-08
Site C,文件柜,9,2024-06-09
Site C,文件柜,9,2024-06-10
Site C,文件柜,9,2024-06-11
Site C,文件柜,9,2024-06-12
Site C,文件柜,9,2024-06-13
Site C,文件柜,9,2024-06-14
Site C,文件柜,9,2024-06-15
Site C,文件柜,9,2024-06-16
Site C,文件柜,9,2024-06-17
Site C,文件柜,9,2024-06-18
Site C,文件柜,9,2024-06-19
Site C,文件柜,9,2024-06-20
Site C,文件柜,9,2024-06-21
Site C,文件柜,9,2024-06-22
Site C,文件柜,9,2024-06-23
Site C,文件柜,9,2024-06-24
Site C,文件柜,9,2024-06-25
Site C,文件柜,9,2024-06-26
Site C,文件柜,9,2024-06-27
Site C,文件柜,9,2024-06-28
Site C,文件柜,9,2024-06-29
Site C,文件柜,9,2024-06-30
Site C,文件柜,9,2024-07-01
Site C,文件柜,9,2024-07-02
Site C,文件柜,9,2024-07-03
Site C,文件柜,9,2024-07-04
Site C,文件柜,9,2024-07-05
Site C,文件柜,9,2024-07-06
Site C,文件柜,9,2024-07-07
Site C,文件柜,9,2024-07-08
Site C,文件柜,9,2024-07-09
Site C,文件柜,9,2024-07-10
Site C,文件柜,9,2024-07-11
Site C,文件柜,9,2024-07-12
Site C,文件柜,9,2024-07-13
Site C,文件柜,9,2024-07-14
Site C,文件柜,9,2024-07-15
Site C,文件柜,9,2024-07-16
Site C,文件柜,9,2024-07-17
Site C,文件柜,9,2024-07-18
Site C,文件柜,9,2024-07-19
Site C,文件柜,9,2024-07-20
Site C,文件柜,9,2024-07-21
Site C,文件柜,9,2024-07-22
Site C,文件柜,9,2024-07-23
Site C,文件柜,9,2024-07-24
Site C,文件柜,9,2024-07-25
Site C,文件柜,9,2024-07-26
Site C,文件柜,9,2024-07-27
Site C,文件柜,9,2024-07-28
Site C,文件柜,9,2024-07-29
Site C,文件柜,9,2024-07-30
Site C,白板,10,2024-06-01
Site C,白板,10,2024-06-02
Site C,白板,10,2024-06-03
Site C,白板,10,2024-06-04
Site C,白板,10,2024-06-05
Site C,白板,10,2024-06-06
Site C,白板,10,2024-06-07
Site C,白板,10,2024-06-08
Site C,白板,10,2024-06-09
Site C,白板,10,2024-06-10
Site C,白板,10,2024-06-11
Site C,白板,10,2024-06-12
Site C,白板,10,2024-06-13
Site C,白板,10,2024-06-14
Site C,白板,10,2024-06-15
Site C,白板,10,2024-06-16
Site C,白板,10,2024-06-17
Site C,白板,10,2024-06-18
Site C,白板,10,2024-06-19
Site C,白板,10,2024-06-20
Site C,白板,10,2024-06-21
Site C,白板,10,2024-06-22
Site C,白板,10,2024-06-23
Site C,白板,10,2024-06-24
Site C,白板,10,2024-06-25
Site C,白板,10,2024-06-26
Site C,白板,10,2024-06-27
Site C,白板,10,2024-06-28
Site C,白板,10,2024-06-29
Site C,白板,10,2024-06-30
Site C,白板,10,2024-07-01
Site C,白板,10,2024-07-02
Site C,白板,10,2024-07-03
Site C,白板,10,2024-07-04
Site C,白板,10,2024-07-05
Site C,白板,10,2024-07-06
Site C,白板,10,2024-07-07
Site C,白板,10,2024-07-08
Site C,白板,10,2024-07-09
Site C,白板,10,2024-07-10
Site C,白板,10,2024-07-11
Site C,白板,10,2024-07-12
Site C,白板,10,2024-07-13
Site C,白板,10,2024-07-14
Site C,白板,10,2024-07-15
Site C,白板,10,2024-07-16
Site C,白板,10,2024-07-17
Site C,白板,10,2024-07-18
Site C,白板,10,2024-07-19
Site C,白板,10,2024-07-20
Site C,白板,10,2024-07-21
Site C,白板,10,2024-07-22
Site C,白板,10,2024-07-23
Site C,白板,10,2024-07-24
Site C,白板,10,2024-07-25
Site C,白板,10,2024-07-26
Site C,白板,10,2024-07-27
Site C,白板,10,2024-07-28
Site C,白板,10,2024-07-29
Site C,白板,10,2024-07-30
Site C,会议系统,11,2024-06-01
Site C,会议系统,11,2024-06-02
Site C,会议系统,11,2024-06-03
Site C,会议系统,11,2024-06-04
Site C,会议系统,11,2024-06-05
Site C,会议系统,11,2024-06-06
Site C,会议系统,11,2024-06-07
Site C,会议系统,11,2024-06-08
Site C,会议系统,11,2024-06-09
Site C,会议系统,11,2024-06-10
Site C,会议系统,11,2024-06-11
Site C,会议系统,11,2024-06-12
Site C,会议系统,11,2024-06-13
Site C,会议系统,11,2024-06-14
Site C,会议系统,11,2024-06-15
Site C,会议系统,11,2024-06-16
Site C,会议系统,11,2024-06-17
Site C,会议系统,11,2024-06-18
Site C,会议系统,11,2024-06-19
Site C,会议系统,11,2024-06-20
Site C,会议系统,11,2024-06-21
Site C,会议系统,11,2024-06-22
Site C,会议系统,11,2024-06-23
Site C,会议系统,11,2024-06-24
Site C,会议系统,11,2024-06-25
Site C,会议系统,11,2024-06-26
Site C,会议系统,11,2024-06-27
Site C,会议系统,11,2024-06-28
Site C,会议系统,11,2024-06-29
Site C,会议系统,11,2024-06-30
Site C,会议系统,11,2024-07-01
Site C,会议系统,11,2024-07-02
Site C,会议系统,11,2024-07-03
Site C,会议系统,11,2024-07-04
Site C,会议系统,11,2024-07-05
Site C,会议系统,11,2024-07-06
Site C,会议系统,11,2024-07-07
Site C,会议系统,11,2024-07-08
Site C,会议系统,11,2024-07-09
Site C,会议系统,11,2024-07-10
Site C,会议系统,11,2024-07-11
Site C,会议系统,11,2024-07-12
Site C,会议系统,11,2024-07-13
Site C,会议系统,11,2024-07-14
Site C,会议系统,11,2024-07-15
Site C,会议系统,11,2024-07-16
Site C,会议系统,11,2024-07-17
Site C,会议系统,11,2024-07-18
Site C,会议系统,11,2024-07-19
Site C,会议系统,11,2024-07-20
Site C,会议系统,11,2024-07-21
Site C,会议系统,11,2024-07-22
Site C,会议系统,11,2024-07-23
Site C,会议系统,11,2024-07-24
Site C,会议系统,11,2024-07-25
Site C,会议系统,11,2024-07-26
Site C,会议系统,11,2024-07-27
Site C,会议系统,11,2024-07-28
Site C,会议系统,11,2024-07-29
Site C,会议系统,11,2024-07-30
Site C,网络交换机,12,2024-06-01
Site C,网络交换机,12,2024-06-02
Site C,网络交换机,12,2024-06-03
Site C,网络交换机,12,2024-06-04
Site C,网络交换机,12,2024-06-05
Site C,网络交换机,12,2024-06-06
Site C,网络交换机,12,2024-06-07
Site C,网络交换机,12,2024-06-08
Site C,网络交换机,12,2024-06-09
Site C,网络交换机,12,2024-06-10
Site C,网络交换机,12,2024-06-11
Site C,网络交换机,12,2024-06-12
Site C,网络交换机,12,2024-06-13
Site C,网络交换机,12,2024-06-14
Site C,网络交换机,12,2024-06-15
Site C,网络交换机,12,2024-06-16
Site C,网络交换机,12,2024-06-17
Site C,网络交换机,12,2024-06-18
Site C,网络交换机,12,2024-06-19
Site C,网络交换机,12,2024-06-20
Site C,网络交换机,12,2024-06-21
Site C,网络交换机,12,2024-06-22
Site C,网络交换机,12,2024-06-23
Site C,网络交换机,12,2024-06-24
Site C,网络交换机,12,2024-06-25
Site C,网络交换机,12,2024-06-26
Site C,网络交换机,12,2024-06-27
Site C,网络交换机,12,2024-06-28
Site C,网络交换机,12,2024-06-29
Site C,网络交换机,12,2024-06-30
Site C,网络交换机,12,2024-07-01
Site C,网络交换机,12,2024-07-02
Site C,网络交换机,12,2024-07-03
Site C,网络交换机,12,2024-07-04
Site C,网络交换机,12,2024-07-05
Site C,网络交换机,12,2024-07-06
Site C,网络交换机,12,2024-07-07
Site C,网络交换机,12,2024-07-08
Site C,网络交换机,12,2024-07-09
Site C,网络交换机,12,2024-07-10
Site C,网络交换机,12,2024-07-11
Site C,网络交换机,12,2024-07-12
Site C,网络交换机,12,2024-07-13
Site C,网络交换机,12,2024-07-14
Site C,网络交换机,12,2024-07-15
Site C,网络交换机,12,2024-07-16
Site C,网络交换机,12,2024-07-17
Site C,网络交换机,12,2024-07-18
Site C,网络交换机,12,2024-07-19
Site C,网络交换机,12,2024-07-20
Site C,网络交换机,12,2024-07-21
Site C,网络交换机,12,2024-07-22
Site C,网络交换机,12,2024-07-23
Site C,网络交换机,12,2024-07-24
Site C,网络交换机,12,2024-07-25
Site C,网络交换机,12,2024-07-26
Site C,网络交换机,12,2024-07-27
Site C,网络交换机,12,2024-07-28
Site C,网络交换机,12,2024-07-29
Site C,网络交换机,12,2024-07-30
Site C,防火墙,13,2024-06-01
Site C,防火墙,13,2024-06-02
Site C,防火墙,13,2024-06-03
Site C,防火墙,13,2024-06-04
Site C,防火墙,13,2024-06-05
Site C,防火墙,13,2024-06-06
Site C,防火墙,13,2024-06-07
Site C,防火墙,13,2024-06-08
Site C,防火墙,13,2024-06-09
Site C,防火墙,13,2024-06-10
Site C,防火墙,13,2024-06-11
Site C,防火墙,13,2024-06-12
Site C,防火墙,13,2024-06-13
Site C,防火墙,13,2024-06-14
Site C,防火墙,13,2024-06-15
Site C,防火墙,13,2024-06-16
Site C,防火墙,13,2024-06-17
Site C,防火墙,13,2024-06-18
Site C,防火墙,13,2024-06-19
Site C,防火墙,13,2024-06-20
Site C,防火墙,13,2024-06-21
Site C,防火墙,13,2024-06-22
Site C,防火墙,13,2024-06-23
Site C,防火墙,13,2024-06-24
Site C,防火墙,13,2024-06-25
Site C,防火墙,13,2024-06-26
Site C,防火墙,13,2024-06-27
Site C,防火墙,13,2024-06-28
Site C,防火墙,13,2024-06-29
Site C,防火墙,13,2024-06-30
Site C,防火墙,13,2024-07-01
Site C,防火墙,13,2024-07-02
Site C,防火墙,13,2024-07-03
Site C,防火墙,13,2024-07-04
Site C,防火墙,13,2024-07-05
Site C,防火墙,13,2024-07-06
Site C,防火墙,13,2024-07-07
Site C,防火墙,13,2024-07-08
Site C,防火墙,13,2024-07-09
Site C,防火墙,13,2024-07-10
Site C,防火墙,13,2024-07-11
Site C,防火墙,13,2024-07-12
Site C,防火墙,13,2024-07-13
Site C,防火墙,13,2024-07-14
Site C,防火墙,13,2024-07-15
Site C,防火墙,13,2024-07-16
Site C,防火墙,13,2024-07-17
Site C,防火墙,13,2024-07-18
Site C,防火墙,13,2024-07-19
Site C,防火墙,13,2024-07-20
Site C,防火墙,13,2024-07-21
Site C,防火墙,13,2024-07-22
Site C,防火墙,13,2024-07-23
Site C,防火墙,13,2024-07-24
Site C,防火墙,13,2024-07-25
Site C,防火墙,13,2024-07-26
Site C,防火墙,13,2024-07-27
Site C,防火墙,13,2024-07-28
Site C,防火墙,13,2024-07-29
Site C,防火墙,13,2024-07-30
Site C,服务器,14,2024-06-01
Site C,服务器,14,2024-06-02
Site C,服务器,14,2024-06-03
Site C,服务器,14,2024-06-04
Site C,服务器,14,2024-06-05
Site C,服务器,14,2024-06-06
Site C,服务器,14,2024-06-07
Site C,服务器,14,2024-06-08
Site C,服务器,14,2024-06-09
Site C,服务器,14,2024-06-10
Site C,服务器,14,2024-06-11
Site C,服务器,14,2024-06-12
Site C,服务器,14,2024-06-13
Site C,服务器,14,2024-06-14
Site C,服务器,14,2024-06-15
Site C,服务器,14,2024-06-16
Site C,服务器,14,2024-06-17
Site C,服务器,14,2024-06-18
Site C,服务器,14,2024-06-19
Site C,服务器,14,2024-06-20
Site C,服务器,14,2024-06-21
Site C,服务器,14,2024-06-22
Site C,服务器,14,2024-06-23
Site C,服务器,14,2024-06-24
Site C,服务器,14,2024-06-25
Site C,服务器,14,2024-06-26
Site C,服务器,14,2024-06-27
Site C,服务器,14,2024-06-28
Site C,服务器,14,2024-06-29
Site C,服务器,14,2024-06-30
Site C,服务器,14,2024-07-01
Site C,服务器,14,2024-07-02
Site C,服务器,14,2024-07-03
Site C,服务器,14,2024-07-04
Site C,服务器,14,2024-07-05
Site C,服务器,14,2024-07-06
Site C,服务器,14,2024-07-07
Site C,服务器,14,2024-07-08
Site C,服务器,14,2024-07-09
Site C,服务器,14,2024-07-10
Site C,服务器,14,2024-07-11
Site C,服务器,14,2024-07-12
Site C,服务器,14,2024-07-13
Site C,服务器,14,2024-07-14
Site C,服务器,14,2024-07-15
Site C,服务器,14,2024-07-16
Site C,服务器,14,2024-07-17
Site C,服务器,14,2024-07-18
Site C,服务器,14,2024-07-19
Site C,服务器,14,2024-07-20
Site C,服务器,14,2024-07-21
Site C,服务器,14,2024-07-22
Site C,服务器,14,2024-07-23
Site C,服务器,14,2024-07-24
Site C,服务器,14,2024-07-25
Site C,服务器,14,2024-07-26
Site C,服务器,14,2024-07-27
Site C,服务器,14,2024-07-28
Site C,服务器,14,2024-07-29
Site C,服务器,14,2024-07-30
Site C,云存储,15,2024-06-01
Site C,云存储,15,2024-06-02
Site C,云存储,15,2024-06-03
Site C,云存储,15,2024-06-04
Site C,云存储,15,2024-06-05
Site C,云存储,15,2024-06-06
Site C,云存储,15,2024-06-07
Site C,云存储,15,2024-06-08
Site C,云存储,15,2024-06-09
Site C,云存储,15,2024-06-10
Site C,云存储,15,2024-06-11
Site C,云存储,15,2024-06-12
Site C,云存储,15,2024-06-13
Site C,云存储,15,2024-06-14
Site C,云存储,15,2024-06-15
Site C,云存储,15,2024-06-16
Site C,云存储,15,2024-06-17
Site C,云存储,15,2024-06-18
Site C,云存储,15,2024-06-19
Site C,云存储,15,2024-06-20
Site C,云存储,15,2024-06-21
Site C,云存储,15,2024-06-22
Site C,云存储,15,2024-06-23
Site C,云存储,15,2024-06-24
Site C,云存储,15,2024-06-25
Site C,云存储,15,2024-06-26
Site C,云存储,15,2024-06-27
Site C,云存储,15,2024-06-28
Site C,云存储,15,2024-06-29
Site C,云存储,15,2024-06-30
Site C,云存储,15,2024-07-01
Site C,云存储,15,2024-07-02
Site C,云存储,15,2024-07-03
Site C,云存储,15,2024-07-04
Site C,云存储,15,2024-07-05
Site C,云存储,15,2024-07-06
Site C,云存储,15,2024-07-07
Site C,云存储,15,2024-07-08
Site C,云存储,15,2024-07-09
Site C,云存储,15,2024-07-10
Site C,云存储,15,2024-07-11
Site C,云存储,15,2024-07-12
Site C,云存储,15,2024-07-13
Site C,云存储,15,2024-07-14
Site C,云存储,15,2024-07-15
Site C,云存储,15,2024-07-16
Site C,云存储,15,2024-07-17
Site C,云存储,15,2024-07-18
Site C,云存储,15,2024-07-19
Site C,云存储,15,2024-07-20
Site C,云存储,15,2024-07-21
Site C,云存储,15,2024-07-22
Site C,云存储,15,2024-07-23
Site C,云存储,15,2024-07-24
Site C,云存储,15,2024-07-25
Site C,云存储,15,2024-07-26
Site C,云存储,15,2024-07-27
Site C,云存储,15,2024-07-28
Site C,云存储,15,2024-07-29
Site C,云存储,15,2024-07-30
Site C,备份软件,16,2024-06-01
Site C,备份软件,16,2024-06-02
Site C,备份软件,16,2024-06-03
Site C,备份软件,16,2024-06-04
Site C,备份软件,16,2024-06-05
Site C,备份软件,16,2024-06-06
Site C,备份软件,16,2024-06-07
Site C,备份软件,16,2024-06-08
Site C,备份软件,16,2024-06-09
Site C,备份软件,16,2024-06-10
Site C,备份软件,16,2024-06-11
Site C,备份软件,16,2024-06-12
Site C,备份软件,16,2024-06-13
Site C,备份软件,16,2024-06-14
Site C,备份软件,16,2024-06-15
Site C,备份软件,16,2024-06-16
Site C,备份软件,16,2024-06-17
Site C,备份软件,16,2024-06-18
Site C,备份软件,16,2024-06-19
Site C,备份软件,16,2024-06-20
Site C,备份软件,16,2024-06-21
Site C,备份软件,16,2024-06-22
Site C,备份软件,16,2024-06-23
Site C,备份软件,16,2024-06-24
Site C,备份软件,16,2024-06-25
Site C,备份软件,16,2024-06-26
Site C,备份软件,16,2024-06-27
Site C,备份软件,16,2024-06-28
Site C,备份软件,16,2024-06-29
Site C,备份软件,16,2024-06-30
Site C,备份软件,16,2024-07-01
Site C,备份软件,16,2024-07-02
Site C,备份软件,16,2024-07-03
Site C,备份软件,16,2024-07-04
Site C,备份软件,16,2024-07-05
Site C,备份软件,16,2024-07-06
Site C,备份软件,16,2024-07-07
Site C,备份软件,16,2024-07-08
Site C,备份软件,16,2024-07-09
Site C,备份软件,16,2024-07-10
Site C,备份软件,16,2024-07-11
Site C,备份软件,16,2024-07-12
Site C,备份软件,16,2024-07-13
Site C,备份软件,16,2024-07-14
Site C,备份软件,16,2024-07-15
Site C,备份软件,16,2024-07-16
Site C,备份软件,16,2024-07-17
Site C,备份软件,16,2024-07-18
Site C,备份软件,16,2024-07-19
Site C,备份软件,16,2024-07-20
Site C,备份软件,16,2024-07-21
Site C,备份软件,16,2024-07-22
Site C,备份软件,16,2024-07-23
Site C,备份软件,16,2024-07-24
Site C,备份软件,16,2024-07-25
Site C,备份软件,16,2024-07-26
Site C,备份软件,16,2024-07-27
Site C,备份软件,16,2024-07-28
Site C,备份软件,16,2024-07-29
Site C,备份软件,16,2024-07-30
Site C,杀毒软件,17,2024-06-01
Site C,杀毒软件,17,2024-06-02
Site C,杀毒软件,17,2024-06-03
Site C,杀毒软件,17,2024-06-04
Site C,杀毒软件,17,2024-06-05
Site C,杀毒软件,17,2024-06-06
Site C,杀毒软件,17,2024-06-07
Site C,杀毒软件,17,2024-06-08
Site C,杀毒软件,17,2024-06-09
Site C,杀毒软件,17,2024-06-10
Site C,杀毒软件,17,2024-06-11
Site C,杀毒软件,17,2024-06-12
Site C,杀毒软件,17,2024-06-13
Site C,杀毒软件,17,2024-06-14
Site C,杀毒软件,17,2024-06-15
Site C,杀毒软件,17,2024-06-16
Site C,杀毒软件,17,2024-06-17
Site C,杀毒软件,17,2024-06-18
Site C,杀毒软件,17,2024-06-19
Site C,杀毒软件,17,2024-06-20
Site C,杀毒软件,17,2024-06-21
Site C,杀毒软件,17,2024-06-22
Site C,杀毒软件,17,2024-06-23
Site C,杀毒软件,17,2024-06-24
Site C,杀毒软件,17,2024-06-25
Site C,杀毒软件,17,2024-06-26
Site C,杀毒软件,17,2024-06-27
Site C,杀毒软件,17,2024-06-28
Site C,杀毒软件,17,2024-06-29
Site C,杀毒软件,17,2024-06-30
Site C,杀毒软件,17,2024-07-01
Site C,杀毒软件,17,2024-07-02
Site C,杀毒软件,17,2024-07-03
Site C,杀毒软件,17,2024-07-04
Site C,杀毒软件,17,2024-07-05
Site C,杀毒软件,17,2024-07-06
Site C,杀毒软件,17,2024-07-07
Site C,杀毒软件,17,2024-07-08
Site C,杀毒软件,17,2024-07-09
Site C,杀毒软件,17,2024-07-10
Site C,杀毒软件,17,2024-07-11
Site C,杀毒软件,17,2024-07-12
Site C,杀毒软件,17,2024-07-13
Site C,杀毒软件,17,2024-07-14
Site C,杀毒软件,17,2024-07-15
Site C,杀毒软件,17,2024-07-16
Site C,杀毒软件,17,2024-07-17
Site C,杀毒软件,17,2024-07-18
Site C,杀毒软件,17,2024-07-19
Site C,杀毒软件,17,2024-07-20
Site C,杀毒软件,17,2024-07-21
Site C,杀毒软件,17,2024-07-22
Site C,杀毒软件,17,2024-07-23
Site C,杀毒软件,17,2024-07-24
Site C,杀毒软件,17,2024-07-25
Site C,杀毒软件,17,2024-07-26
Site C,杀毒软件,17,2024-07-27
Site C,杀毒软件,17,2024-07-28
Site C,杀毒软件,17,2024-07-29
Site C,杀毒软件,17,2024-07-30
Site C,CRM系统,18,2024-06-01
Site C,CRM系统,18,2024-06-02
Site C,CRM系统,18,2024-06-03
Site C,CRM系统,18,2024-06-04
Site C,CRM系统,18,2024-06-05
Site C,CRM系统,18,2024-06-06
Site C,CRM系统,18,2024-06-07
Site C,CRM系统,18,2024-06-08
Site C,CRM系统,18,2024-06-09
Site C,CRM系统,18,2024-06-10
Site C,CRM系统,18,2024-06-11
Site C,CRM系统,18,2024-06-12
Site C,CRM系统,18,2024-06-13
Site C,CRM系统,18,2024-06-14
Site C,CRM系统,18,2024-06-15
Site C,CRM系统,18,2024-06-16
Site C,CRM系统,18,2024-06-17
Site C,CRM系统,18,2024-06-18
Site C,CRM系统,18,2024-06-19
Site C,CRM系统,18,2024-06-20
Site C,CRM系统,18,2024-06-21
Site C,CRM系统,18,2024-06-22
Site C,CRM系统,18,2024-06-23
Site C,CRM系统,18,2024-06-24
Site C,CRM系统,18,2024-06-25
Site C,CRM系统,18,2024-06-26
Site C,CRM系统,18,2024-06-27
Site C,CRM系统,18,2024-06-28
Site C,CRM系统,18,2024-06-29
Site C,CRM系统,18,2024-06-30
Site C,CRM系统,18,2024-07-01
Site C,CRM系统,18,2024-07-02
Site C,CRM系统,18,2024-07-03
Site C,CRM系统,18,2024-07-04
Site C,CRM系统,18,2024-07-05
Site C,CRM系统,18,2024-07-06
Site C,CRM系统,18,2024-07-07
Site C,CRM系统,18,2024-07-08
Site C,CRM系统,18,2024-07-09
Site C,CRM系统,18,2024-07-10
Site C,CRM系统,18,2024-07-11
Site C,CRM系统,18,2024-07-12
Site C,CRM系统,18,2024-07-13
Site C,CRM系统,18,2024-07-14
Site C,CRM系统,18,2024-07-15
Site C,CRM系统,18,2024-07-16
Site C,CRM系统,18,2024-07-17
Site C,CRM系统,18,2024-07-18
Site C,CRM系统,18,2024-07-19
Site C,CRM系统,18,2024-07-20
Site C,CRM系统,18,2024-07-21
Site C,CRM系统,18,2024-07-22
Site C,CRM系统,18,2024-07-23
Site C,CRM系统,18,2024-07-24
Site C,CRM系统,18,2024-07-25
Site C,CRM系统,18,2024-07-26
Site C,CRM系统,18,2024-07-27
Site C,CRM系统,18,2024-07-28
Site C,CRM系统,18,2024-07-29
Site C,CRM系统,18,2024-07-30
Site C,ERP系统,19,2024-06-01
Site C,ERP系统,19,2024-06-02
Site C,ERP系统,19,2024-06-03
Site C,ERP系统,19,2024-06-04
Site C,ERP系统,19,2024-06-05
Site C,ERP系统,19,2024-06-06
Site C,ERP系统,19,2024-06-07
Site C,ERP系统,19,2024-06-08
Site C,ERP系统,19,2024-06-09
Site C,ERP系统,19,2024-06-10
Site C,ERP系统,19,2024-06-11
Site C,ERP系统,19,2024-06-12
Site C,ERP系统,19,2024-06-13
Site C,ERP系统,19,2024-06-14
Site C,ERP系统,19,2024-06-15
Site C,ERP系统,19,2024-06-16
Site C,ERP系统,19,2024-06-17
Site C,ERP系统,19,2024-06-18
Site C,ERP系统,19,2024-06-19
Site C,ERP系统,19,2024-06-20
Site C,ERP系统,19,2024-06-21
Site C,ERP系统,19,2024-06-22
Site C,ERP系统,19,2024-06-23
Site C,ERP系统,19,2024-06-24
Site C,ERP系统,19,2024-06-25
Site C,ERP系统,19,2024-06-26
Site C,ERP系统,19,2024-06-27
Site C,ERP系统,19,2024-06-28
Site C,ERP系统,19,2024-06-29
Site C,ERP系统,19,2024-06-30
Site C,ERP系统,19,2024-07-01
Site C,ERP系统,19,2024-07-02
Site C,ERP系统,19,2024-07-03
Site C,ERP系统,19,2024-07-04
Site C,ERP系统,19,2024-07-05
Site C,ERP系统,19,2024-07-06
Site C,ERP系统,19,2024-07-07
Site C,ERP系统,19,2024-07-08
Site C,ERP系统,19,2024-07-09
Site C,ERP系统,19,2024-07-10
Site C,ERP系统,19,2024-07-11
Site C,ERP系统,19,2024-07-12
Site C,ERP系统,19,2024-07-13
Site C,ERP系统,19,2024-07-14
Site C,ERP系统,19,2024-07-15
Site C,ERP系统,19,2024-07-16
Site C,ERP系统,19,2024-07-17
Site C,ERP系统,19,2024-07-18
Site C,ERP系统,19,2024-07-19
Site C,ERP系统,19,2024-07-20
Site C,ERP系统,19,2024-07-21
Site C,ERP系统,19,2024-07-22
Site C,ERP系统,19,2024-07-23
Site C,ERP系统,19,2024-07-24
Site C,ERP系统,19,2024-07-25
Site C,ERP系统,19,2024-07-26
Site C,ERP系统,19,2024-07-27
Site C,ERP系统,19,2024-07-28
Site C,ERP系统,19,2024-07-29
Site C,ERP系统,19,2024-07-30
Site C,数据分析,20,2024-06-01
Site C,数据分析,20,2024-06-02
Site C,数据分析,20,2024-06-03
Site C,数据分析,20,2024-06-04
Site C,数据分析,20,2024-06-05
Site C,数据分析,20,2024-06-06
Site C,数据分析,20,2024-06-07
Site C,数据分析,20,2024-06-08
Site C,数据分析,20,2024-06-09
Site C,数据分析,20,2024-06-10
Site C,数据分析,20,2024-06-11
Site C,数据分析,20,2024-06-12
Site C,数据分析,20,2024-06-13
Site C,数据分析,20,2024-06-14
Site C,数据分析,20,2024-06-15
Site C,数据分析,20,2024-06-16
Site C,数据分析,20,2024-06-17
Site C,数据分析,20,2024-06-18
Site C,数据分析,20,2024-06-19
Site C,数据分析,20,2024-06-20
Site C,数据分析,20,2024-06-21
Site C,数据分析,20,2024-06-22
Site C,数据分析,20,2024-06-23
Site C,数据分析,20,2024-06-24
Site C,数据分析,20,2024-06-25
Site C,数据分析,20,2024-06-26
Site C,数据分析,20,2024-06-27
Site C,数据分析,20,2024-06-28
Site C,数据分析,20,2024-06-29
Site C,数据分析,20,2024-06-30
Site C,数据分析,20,2024-07-01
Site C,数据分析,20,2024-07-02
Site C,数据分析,20,2024-07-03
Site C,数据分析,20,2024-07-04
Site C,数据分析,20,2024-07-05
Site C,数据分析,20,2024-07-06
Site C,数据分析,20,2024-07-07
Site C,数据分析,20,2024-07-08
Site C,数据分析,20,2024-07-09
Site C,数据分析,20,2024-07-10
Site C,数据分析,20,2024-07-11
Site C,数据分析,20,2024-07-12
Site C,数据分析,20,2024-07-13
Site C,数据分析,20,2024-07-14
Site C,数据分析,20,2024-07-15
Site C,数据分析,20,2024-07-16
Site C,数据分析,20,2024-07-17
Site C,数据分析,20,2024-07-18
Site C,数据分析,20,2024-07-19
Site C,数据分析,20,2024-07-20
Site C,数据分析,20,2024-07-21
Site C,数据分析,20,2024-07-22
Site C,数据分析,20,2024-07-23
Site C,数据分析,20,2024-07-24
Site C,数据分析,20,2024-07-25
Site C,数据分析,20,2024-07-26
Site C,数据分析,20,2024-07-27
Site C,数据分析,20,2024-07-28
Site C,数据分析,20,2024-07-29
Site C,数据分析,20,2024-07-30
Site C,SEO优化,21,2024-06-01
Site C,SEO优化,21,2024-06-02
Site C,SEO优化,21,2024-06-03
Site C,SEO优化,21,2024-06-04
Site C,SEO优化,21,2024-06-05
Site C,SEO优化,21,2024-06-06
Site C,SEO优化,21,2024-06-07
Site C,SEO优化,21,2024-06-08
Site C,SEO优化,21,2024-06-09
Site C,SEO优化,21,2024-06-10
Site C,SEO优化,21,2024-06-11
Site C,SEO优化,21,2024-06-12
Site C,SEO优化,21,2024-06-13
Site C,SEO优化,21,2024-06-14
Site C,SEO优化,21,2024-06-15
Site C,SEO优化,21,2024-06-16
Site C,SEO优化,21,2024-06-17
Site C,SEO优化,21,2024-06-18
Site C,SEO优化,21,2024-06-19
Site C,SEO优化,21,2024-06-20
Site C,SEO优化,21,2024-06-21
Site C,SEO优化,21,2024-06-22
Site C,SEO优化,21,2024-06-23
Site C,SEO优化,21,2024-06-24
Site C,SEO优化,21,2024-06-25
Site C,SEO优化,21,2024-06-26
Site C,SEO优化,21,2024-06-27
Site C,SEO优化,21,2024-06-28
Site C,SEO优化,21,2024-06-29
Site C,SEO优化,21,2024-06-30
Site C,SEO优化,21,2024-07-01
Site C,SEO优化,21,2024-07-02
Site C,SEO优化,21,2024-07-03
Site C,SEO优化,21,2024-07-04
Site C,SEO优化,21,2024-07-05
Site C,SEO优化,21,2024-07-06
Site C,SEO优化,21,2024-07-07
Site C,SEO优化,21,2024-07-08
Site C,SEO优化,21,2024-07-09
Site C,SEO优化,21,2024-07-10
Site C,SEO优化,21,2024-07-11
Site C,SEO优化,21,2024-07-12
Site C,SEO优化,21,2024-07-13
Site C,SEO优化,21,2024-07-14
Site C,SEO优化,21,2024-07-15
Site C,SEO优化,21,2024-07-16
Site C,SEO优化,21,2024-07-17
Site C,SEO优化,21,2024-07-18
Site C,SEO优化,21,2024-07-19
Site C,SEO优化,21,2024-07-20
Site C,SEO优化,21,2024-07-21
Site C,SEO优化,21,2024-07-22
Site C,SEO优化,21,2024-07-23
Site C,SEO优化,21,2024-07-24
Site C,SEO优化,21,2024-07-25
Site C,SEO优化,21,2024-07-26
Site C,SEO优化,21,2024-07-27
Site C,SEO优化,21,2024-07-28
Site C,SEO优化,21,2024-07-29
Site C,SEO优化,21,2024-07-30
Site C,内容营销,22,2024-06-01
Site C,内容营销,22,2024-06-02
Site C,内容营销,22,2024-06-03
Site C,内容营销,22,2024-06-04
Site C,内容营销,22,2024-06-05
Site C,内容营销,22,2024-06-06
Site C,内容营销,22,2024-06-07
Site C,内容营销,22,2024-06-08
Site C,内容营销,22,2024-06-09
Site C,内容营销,22,2024-06-10
Site C,内容营销,22,2024-06-11
Site C,内容营销,22,2024-06-12
Site C,内容营销,22,2024-06-13
Site C,内容营销,22,2024-06-14
Site C,内容营销,22,2024-06-15
Site C,内容营销,22,2024-06-16
Site C,内容营销,22,2024-06-17
Site C,内容营销,22,2024-06-18
Site C,内容营销,22,2024-06-19
Site C,内容营销,22,2024-06-20
Site C,内容营销,22,2024-06-21
Site C,内容营销,22,2024-06-22
Site C,内容营销,22,2024-06-23
Site C,内容营销,22,2024-06-24
Site C,内容营销,22,2024-06-25
Site C,内容营销,22,2024-06-26
Site C,内容营销,22,2024-06-27
Site C,内容营销,22,2024-06-28
Site C,内容营销,22,2024-06-29
Site C,内容营销,22,2024-06-30
Site C,内容营销,22,2024-07-01
Site C,内容营销,22,2024-07-02
Site C,内容营销,22,2024-07-03
Site C,内容营销,22,2024-07-04
Site C,内容营销,22,2024-07-05
Site C,内容营销,22,2024-07-06
Site C,内容营销,22,2024-07-07
Site C,内容营销,22,2024-07-08
Site C,内容营销,22,2024-07-09
Site C,内容营销,22,2024-07-10
Site C,内容营销,22,2024-07-11
Site C,内容营销,22,2024-07-12
Site C,内容营销,22,2024-07-13
Site C,内容营销,22,2024-07-14
Site C,内容营销,22,2024-07-15
Site C,内容营销,22,2024-07-16
Site C,内容营销,22,2024-07-17
Site C,内容营销,22,2024-07-18
Site C,内容营销,22,2024-07-19
Site C,内容营销,22,2024-07-20
Site C,内容营销,22,2024-07-21
Site C,内容营销,22,2024-07-22
Site C,内容营销,22,2024-07-23
Site C,内容营销,22,2024-07-24
Site C,内容营销,22,2024-07-25
Site C,内容营销,22,2024-07-26
Site C,内容营销,22,2024-07-27
Site C,内容营销,22,2024-07-28
Site C,内容营销,22,2024-07-29
Site C,内容营销,22,2024-07-30
Site C,社交媒体,23,2024-06-01
Site C,社交媒体,23,2024-06-02
Site C,社交媒体,23,2024-06-03
Site C,社交媒体,23,2024-06-04
Site C,社交媒体,23,2024-06-05
Site C,社交媒体,23,2024-06-06
Site C,社交媒体,23,2024-06-07
Site C,社交媒体,23,2024-06-08
Site C,社交媒体,23,2024-06-09
Site C,社交媒体,23,2024-06-10
Site C,社交媒体,23,2024-06-11
Site C,社交媒体,23,2024-06-12
Site C,社交媒体,23,2024-06-13
Site C,社交媒体,23,2024-06-14
Site C,社交媒体,23,2024-06-15
Site C,社交媒体,23,2024-06-16
Site C,社交媒体,23,2024-06-17
Site C,社交媒体,23,2024-06-18
Site C,社交媒体,23,2024-06-19
Site C,社交媒体,23,2024-06-20
Site C,社交媒体,23,2024-06-21
Site C,社交媒体,23,2024-06-22
Site C,社交媒体,23,2024-06-23
Site C,社交媒体,23,2024-06-24
Site C,社交媒体,23,2024-06-25
Site C,社交媒体,23,2024-06-26
Site C,社交媒体,23,2024-06-27
Site C,社交媒体,23,2024-06-28
Site C,社交媒体,23,2024-06-29
Site C,社交媒体,23,2024-06-30
Site C,社交媒体,23,2024-07-01
Site C,社交媒体,23,2024-07-02
Site C,社交媒体,23,2024-07-03
Site C,社交媒体,23,2024-07-04
Site C,社交媒体,23,2024-07-05
Site C,社交媒体,23,2024-07-06
Site C,社交媒体,23,2024-07-07
Site C,社交媒体,23,2024-07-08
Site C,社交媒体,23,2024-07-09
Site C,社交媒体,23,2024-07-10
Site C,社交媒体,23,2024-07-11
Site C,社交媒体,23,2024-07-12
Site C,社交媒体,23,2024-07-13
Site C,社交媒体,23,2024-07-14
Site C,社交媒体,23,2024-07-15
Site C,社交媒体,23,2024-07-16
Site C,社交媒体,23,2024-07-17
Site C,社交媒体,23,2024-07-18
Site C,社交媒体,23,2024-07-19
Site C,社交媒体,23,2024-07-20
Site C,社交媒体,23,2024-07-21
Site C,社交媒体,23,2024-07-22
Site C,社交媒体,23,2024-07-23
Site C,社交媒体,23,2024-07-24
Site C,社交媒体,23,2024-07-25
Site C,社交媒体,23,2024-07-26
Site C,社交媒体,23,2024-07-27
Site C,社交媒体,23,2024-07-28
Site C,社交媒体,23,2024-07-29
Site C,社交媒体,23,2024-07-30
Site C,电子邮件营销,24,2024-06-01
Site C,电子邮件营销,24,2024-06-02
Site C,电子邮件营销,24,2024-06-03
Site C,电子邮件营销,24,2024-06-04
Site C,电子邮件营销,24,2024-06-05
Site C,电子邮件营销,24,2024-06-06
Site C,电子邮件营销,24,2024-06-07
Site C,电子邮件营销,24,2024-06-08
Site C,电子邮件营销,24,2024-06-09
Site C,电子邮件营销,24,2024-06-10
Site C,电子邮件营销,24,2024-06-11
Site C,电子邮件营销,24,2024-06-12
Site C,电子邮件营销,24,2024-06-13
Site C,电子邮件营销,24,2024-06-14
Site C,电子邮件营销,24,2024-06-15
Site C,电子邮件营销,24,2024-06-16
Site C,电子邮件营销,24,2024-06-17
Site C,电子邮件营销,24,2024-06-18
Site C,电子邮件营销,24,2024-06-19
Site C,电子邮件营销,24,2024-06-20
Site C,电子邮件营销,24,2024-06-21
Site C,电子邮件营销,24,2024-06-22
Site C,电子邮件营销,24,2024-06-23
Site C,电子邮件营销,24,2024-06-24
Site C,电子邮件营销,24,2024-06-25
Site C,电子邮件营销,24,2024-06-26
Site C,电子邮件营销,24,2024-06-27
Site C,电子邮件营销,24,2024-06-28
Site C,电子邮件营销,24,2024-06-29
Site C,电子邮件营销,24,2024-06-30
Site C,电子邮件营销,24,2024-07-01
Site C,电子邮件营销,24,2024-07-02
Site C,电子邮件营销,24,2024-07-03
Site C,电子邮件营销,24,2024-07-04
Site C,电子邮件营销,24,2024-07-05
Site C,电子邮件营销,24,2024-07-06
Site C,电子邮件营销,24,2024-07-07
Site C,电子邮件营销,24,2024-07-08
Site C,电子邮件营销,24,2024-07-09
Site C,电子邮件营销,24,2024-07-10
Site C,电子邮件营销,24,2024-07-11
Site C,电子邮件营销,24,2024-07-12
Site C,电子邮件营销,24,2024-07-13
Site C,电子邮件营销,24,2024-07-14
Site C,电子邮件营销,24,2024-07-15
Site C,电子邮件营销,24,2024-07-16
Site C,电子邮件营销,24,2024-07-17
Site C,电子邮件营销,24,2024-07-18
Site C,电子邮件营销,24,2024-07-19
Site C,电子邮件营销,24,2024-07-20
Site C,电子邮件营销,24,2024-07-21
Site C,电子邮件营销,24,2024-07-22
Site C,电子邮件营销,24,2024-07-23
Site C,电子邮件营销,24,2024-07-24
Site C,电子邮件营销,24,2024-07-25
Site C,电子邮件营销,24,2024-07-26
Site C,电子邮件营销,24,2024-07-27
Site C,电子邮件营销,24,2024-07-28
Site C,电子邮件营销,24,2024-07-29
Site C,电子邮件营销,24,2024-07-30
Site C,转化率优化,5,2024-06-01
Site C,转化率优化,5,2024-06-02
Site C,转化率优化,5,2024-06-03
Site C,转化率优化,5,2024-06-04
Site C,转化率优化,5,2024-06-05
Site C,转化率优化,5,2024-06-06
Site C,转化率优化,5,2024-06-07
Site C,转化率优化,5,2024-06-08
Site C,转化率优化,5,2024-06-09
Site C,转化率优化,5,2024-06-10
Site C,转化率优化,5,2024-06-11
Site C,转化率优化,5,2024-06-12
Site C,转化率优化,5,2024-06-13
Site C,转化率优化,5,2024-06-14
Site C,转化率优化,5,2024-06-15
Site C,转化率优化,5,2024-06-16
Site C,转化率优化,5,2024-06-17
Site C,转化率优化,5,2024-06-18
Site C,转化率优化,5,2024-06-19
Site C,转化率优化,5,2024-06-20
Site C,转化率优化,5,2024-06-21
Site C,转化率优化,5,2024-06-22
Site C,转化率优化,5,2024-06-23
Site C,转化率优化,5,2024-06-24
Site C,转化率优化,5,2024-06-25
Site C,转化率优化,5,2024-06-26
Site C,转化率优化,5,2024-06-27
Site C,转化率优化,5,2024-06-28
Site C,转化率优化,5,2024-06-29
Site C,转化率优化,5,2024-06-30
Site C,转化率优化,5,2024-07-01
Site C,转化率优化,5,2024-07-02
Site C,转化率优化,5,2024-07-03
Site C,转化率优化,5,2024-07-04
Site C,转化率优化,5,2024-07-05
Site C,转化率优化,5,2024-07-06
Site C,转化率优化,5,2024-07-07
Site C,转化率优化,5,2024-07-08
Site C,转化率优化,5,2024-07-09
Site C,转化率优化,5,2024-07-10
Site C,转化率优化,5,2024-07-11
Site C,转化率优化,5,2024-07-12
Site C,转化率优化,5,2024-07-13
Site C,转化率优化,5,2024-07-14
Site C,转化率优化,5,2024-07-15
Site C,转化率优化,5,2024-07-16
Site C,转化率优化,5,2024-07-17
Site C,转化率优化,5,2024-07-18
Site C,转化率优化,5,2024-07-19
Site C,转化率优化,5,2024-07-20
Site C,转化率优化,5,2024-07-21
Site C,转化率优化,5,2024-07-22
Site C,转化率优化,5,2024-07-23
Site C,转化率优化,5,2024-07-24
Site C,转化率优化,5,2024-07-25
Site C,转化率优化,5,2024-07-26
Site C,转化率优化,5,2024-07-27
Site C,转化率优化,5,2024-07-28
Site C,转化率优化,5,2024-07-29
Site C,转化率优化,5,2024-07-30
Site C,用户体验,6,2024-06-01
Site C,用户体验,6,2024-06-02
Site C,用户体验,6,2024-06-03
Site C,用户体验,6,2024-06-04
Site C,用户体验,6,2024-06-05
Site C,用户体验,6,2024-06-06
Site C,用户体验,6,2024-06-07
Site C,用户体验,6,2024-06-08
Site C,用户体验,6,2024-06-09
Site C,用户体验,6,2024-06-10
Site C,用户体验,6,2024-06-11
Site C,用户体验,6,2024-06-12
Site C,用户体验,6,2024-06-13
Site C,用户体验,6,2024-06-14
Site C,用户体验,6,2024-06-15
Site C,用户体验,6,2024-06-16
Site C,用户体验,6,2024-06-17
Site C,用户体验,6,2024-06-18
Site C,用户体验,6,2024-06-19
Site C,用户体验,6,2024-06-20
Site C,用户体验,6,2024-06-21
Site C,用户体验,6,2024-06-22
Site C,用户体验,6,2024-06-23
Site C,用户体验,6,2024-06-24
Site C,用户体验,6,2024-06-25
Site C,用户体验,6,2024-06-26
Site C,用户体验,6,2024-06-27
Site C,用户体验,6,2024-06-28
Site C,用户体验,6,2024-06-29
Site C,用户体验,6,2024-06-30
Site C,用户体验,6,2024-07-01
Site C,用户体验,6,2024-07-02
Site C,用户体验,6,2024-07-03
Site C,用户体验,6,2024-07-04
Site C,用户体验,6,2024-07-05
Site C,用户体验,6,2024-07-06
Site C,用户体验,6,2024-07-07
Site C,用户体验,6,2024-07-08
Site C,用户体验,6,2024-07-09
Site C,用户体验,6,2024-07-10
Site C,用户体验,6,2024-07-11
Site C,用户体验,6,2024-07-12
Site C,用户体验,6,2024-07-13
Site C,用户体验,6,2024-07-14
Site C,用户体验,6,2024-07-15
Site C,用户体验,6,2024-07-16
Site C,用户体验,6,2024-07-17
Site C,用户体验,6,2024-07-18
Site C,用户体验,6,2024-07-19
Site C,用户体验,6,2024-07-20
Site C,用户体验,6,2024-07-21
Site C,用户体验,6,2024-07-22
Site C,用户体验,6,2024-07-23
Site C,用户体验,6,2024-07-24
Site C,用户体验,6,2024-07-25
Site C,用户体验,6,2024-07-26
Site C,用户体验,6,2024-07-27
Site C,用户体验,6,2024-07-28
Site C,用户体验,6,2024-07-29
Site C,用户体验,6,2024-07-30
Site C,页面速度,7,2024-06-01
Site C,页面速度,7,2024-06-02
Site C,页面速度,7,2024-06-03
Site C,页面速度,7,2024-06-04
Site C,页面速度,7,2024-06-05
Site C,页面速度,7,2024-06-06
Site C,页面速度,7,2024-06-07
Site C,页面速度,7,2024-06-08
Site C,页面速度,7,2024-06-09
Site C,页面速度,7,2024-06-10
Site C,页面速度,7,2024-06-11
Site C,页面速度,7,2024-06-12
Site C,页面速度,7,2024-06-13
Site C,页面速度,7,2024-06-14
Site C,页面速度,7,2024-06-15
Site C,页面速度,7,2024-06-16
Site C,页面速度,7,2024-06-17
Site C,页面速度,7,2024-06-18
Site C,页面速度,7,2024-06-19
Site C,页面速度,7,2024-06-20
Site C,页面速度,7,2024-06-21
Site C,页面速度,7,2024-06-22
Site C,页面速度,7,2024-06-23
Site C,页面速度,7,2024-06-24
Site C,页面速度,7,2024-06-25
Site C,页面速度,7,2024-06-26
Site C,页面速度,7,2024-06-27
Site C,页面速度,7,2024-06-28
Site C,页面速度,7,2024-06-29
Site C,页面速度,7,2024-06-30
Site C,页面速度,7,2024-07-01
Site C,页面速度,7,2024-07-02
Site C,页面速度,7,2024-07-03
Site C,页面速度,7,2024-07-04
Site C,页面速度,7,2024-07-05
Site C,页面速度,7,2024-07-06
Site C,页面速度,7,2024-07-07
Site C,页面速度,7,2024-07-08
Site C,页面速度,7,2024-07-09
Site C,页面速度,7,2024-07-10
Site C,页面速度,7,2024-07-11
Site C,页面速度,7,2024-07-12
Site C,页面速度,7,2024-07-13
Site C,页面速度,7,2024-07-14
Site C,页面速度,7,2024-07-15
Site C,页面速度,7,2024-07-16
Site C,页面速度,7,2024-07-17
Site C,页面速度,7,2024-07-18
Site C,页面速度,7,2024-07-19
Site C,页面速度,7,2024-07-20
Site C,页面速度,7,2024-07-21
Site C,页面速度,7,2024-07-22
Site C,页面速度,7,2024-07-23
Site C,页面速度,7,2024-07-24
Site C,页面速度,7,2024-07-25
Site C,页面速度,7,2024-07-26
Site C,页面速度,7,2024-07-27
Site C,页面速度,7,2024-07-28
Site C,页面速度,7,2024-07-29
Site C,页面速度,7,2024-07-30
Site C,移动端适配,8,2024-06-01
Site C,移动端适配,8,2024-06-02
Site C,移动端适配,8,2024-06-03
Site C,移动端适配,8,2024-06-04
Site C,移动端适配,8,2024-06-05
Site C,移动端适配,8,2024-06-06
Site C,移动端适配,8,2024-06-07
Site C,移动端适配,8,2024-06-08
Site C,移动端适配,8,2024-06-09
Site C,移动端适配,8,2024-06-10
Site C,移动端适配,8,2024-06-11
Site C,移动端适配,8,2024-06-12
Site C,移动端适配,8,2024-06-13
Site C,移动端适配,8,2024-06-14
Site C,移动端适配,8,2024-06-15
Site C,移动端适配,8,2024-06-16
Site C,移动端适配,8,2024-06-17
Site C,移动端适配,8,2024-06-18
Site C,移动端适配,8,2024-06-19
Site C,移动端适配,8,2024-06-20
Site C,移动端适配,8,2024-06-21
Site C,移动端适配,8,2024-06-22
Site C,移动端适配,8,2024-06-23
Site C,移动端适配,8,2024-06-24
Site C,移动端适配,8,2024-06-25
Site C,移动端适配,8,2024-06-26
Site C,移动端适配,8,2024-06-27
Site C,移动端适配,8,2024-06-28
Site C,移动端适配,8,2024-06-29
Site C,移动端适配,8,2024-06-30
Site C,移动端适配,8,2024-07-01
Site C,移动端适配,8,2024-07-02
Site C,移动端适配,8,2024-07-03
Site C,移动端适配,8,2024-07-04
Site C,移动端适配,8,2024-07-05
Site C,移动端适配,8,2024-07-06
Site C,移动端适配,8,2024-07-07
Site C,移动端适配,8,2024-07-08
Site C,移动端适配,8,2024-07-09
Site C,移动端适配,8,2024-07-10
Site C,移动端适配,8,2024-07-11
Site C,移动端适配,8,2024-07-12
Site C,移动端适配,8,2024-07-13
Site C,移动端适配,8,2024-07-14
Site C,移动端适配,8,2024-07-15
Site C,移动端适配,8,2024-07-16
Site C,移动端适配,8,2024-07-17
Site C,移动端适配,8,2024-07-18
Site C,移动端适配,8,2024-07-19
Site C,移动端适配,8,2024-07-20
Site C,移动端适配,8,2024-07-21
Site C,移动端适配,8,2024-07-22
Site C,移动端适配,8,2024-07-23
Site C,移动端适配,8,2024-07-24
Site C,移动端适配,8,2024-07-25
Site C,移动端适配,8,2024-07-26
Site C,移动端适配,8,2024-07-27
Site C,移动端适配,8,2024-07-28
Site C,移动端适配,8,2024-07-29
Site C,移动端适配,8,2024-07-30
Site C,结构化数据,9,2024-06-01
Site C,结构化数据,9,2024-06-02
Site C,结构化数据,9,2024-06-03
Site C,结构化数据,9,2024-06-04
Site C,结构化数据,9,2024-06-05
Site C,结构化数据,9,2024-06-06
Site C,结构化数据,9,2024-06-07
Site C,结构化数据,9,2024-06-08
Site C,结构化数据,9,2024-06-09
Site C,结构化数据,9,2024-06-10
Site C,结构化数据,9,2024-06-11
Site C,结构化数据,9,2024-06-12
Site C,结构化数据,9,2024-06-13
Site C,结构化数据,9,2024-06-14
Site C,结构化数据,9,2024-06-15
Site C,结构化数据,9,2024-06-16
Site C,结构化数据,9,2024-06-17
Site C,结构化数据,9,2024-06-18
Site C,结构化数据,9,2024-06-19
Site C,结构化数据,9,2024-06-20
Site C,结构化数据,9,2024-06-21
Site C,结构化数据,9,2024-06-22
Site C,结构化数据,9,2024-06-23
Site C,结构化数据,9,2024-06-24
Site C,结构化数据,9,2024-06-25
Site C,结构化数据,9,2024-06-26
Site C,结构化数据,9,2024-06-27
Site C,结构化数据,9,2024-06-28
Site C,结构化数据,9,2024-06-29
Site C,结构化数据,9,2024-06-30
Site C,结构化数据,9,2024-07-01
Site C,结构化数据,9,2024-07-02
Site C,结构化数据,9,2024-07-03
Site C,结构化数据,9,2024-07-04
Site C,结构化数据,9,2024-07-05
Site C,结构化数据,9,2024-07-06
Site C,结构化数据,9,2024-07-07
Site C,结构化数据,9,2024-07-08
Site C,结构化数据,9,2024-07-09
Site C,结构化数据,9,2024-07-10
Site C,结构化数据,9,2024-07-11
Site C,结构化数据,9,2024-07-12
Site C,结构化数据,9,2024-07-13
Site C,结构化数据,9,2024-07-14
Site C,结构化数据,9,2024-07-15
Site C,结构化数据,9,2024-07-16
Site C,结构化数据,9,2024-07-17
Site C,结构化数据,9,2024-07-18
Site C,结构化数据,9,2024-07-19
Site C,结构化数据,9,2024-07-20
Site C,结构化数据,9,2024-07-21
Site C,结构化数据,9,2024-07-22
Site C,结构化数据,9,2024-07-23
Site C,结构化数据,9,2024-07-24
Site C,结构化数据,9,2024-07-25
Site C,结构化数据,9,2024-07-26
Site C,结构化数据,9,2024-07-27
Site C,结构化数据,9,2024-07-28
Site C,结构化数据,9,2024-07-29
Site C,结构化数据,9,2024-07-30
Site C,外链建设,10,2024-06-01
Site C,外链建设,10,2024-06-02
Site C,外链建设,10,2024-06-03
Site C,外链建设,10,2024-06-04
Site C,外链建设,10,2024-06-05
Site C,外链建设,10,2024-06-06
Site C,外链建设,10,2024-06-07
Site C,外链建设,10,2024-06-08
Site C,外链建设,10,2024-06-09
Site C,外链建设,10,2024-06-10
Site C,外链建设,10,2024-06-11
Site C,外链建设,10,2024-06-12
Site C,外链建设,10,2024-06-13
Site C,外链建设,10,2024-06-14
Site C,外链建设,10,2024-06-15
Site C,外链建设,10,2024-06-16
Site C,外链建设,10,2024-06-17
Site C,外链建设,10,2024-06-18
Site C,外链建设,10,2024-06-19
Site C,外链建设,10,2024-06-20
Site C,外链建设,10,2024-06-21
Site C,外链建设,10,2024-06-22
Site C,外链建设,10,2024-06-23
Site C,外链建设,10,2024-06-24
Site C,外链建设,10,2024-06-25
Site C,外链建设,10,2024-06-26
Site C,外链建设,10,2024-06-27
Site C,外链建设,10,2024-06-28
Site C,外链建设,10,2024-06-29
Site C,外链建设,10,2024-06-30
Site C,外链建设,10,2024-07-01
Site C,外链建设,10,2024-07-02
Site C,外链建设,10,2024-07-03
Site C,外链建设,10,2024-07-04
Site C,外链建设,10,2024-07-05
Site C,外链建设,10,2024-07-06
Site C,外链建设,10,2024-07-07
Site C,外链建设,10,2024-07-08
Site C,外链建设,10,2024-07-09
Site C,外链建设,10,2024-07-10
Site C,外链建设,10,2024-07-11
Site C,外链建设,10,2024-07-12
Site C,外链建设,10,2024-07-13
Site C,外链建设,10,2024-07-14
Site C,外链建设,10,2024-07-15
Site C,外链建设,10,2024-07-16
Site C,外链建设,10,2024-07-17
Site C,外链建设,10,2024-07-18
Site C,外链建设,10,2024-07-19
Site C,外链建设,10,2024-07-20
Site C,外链建设,10,2024-07-21
Site C,外链建设,10,2024-07-22
Site C,外链建设,10,2024-07-23
Site C,外链建设,10,2024-07-24
Site C,外链建设,10,2024-07-25
Site C,外链建设,10,2024-07-26
Site C,外链建设,10,2024-07-27
Site C,外链建设,10,2024-07-28
Site C,外链建设,10,2024-07-29
Site C,外链建设,10,2024-07-30
Site C,关键词研究,11,2024-06-01
Site C,关键词研究,11,2024-06-02
Site C,关键词研究,11,2024-06-03
Site C,关键词研究,11,2024-06-04
Site C,关键词研究,11,2024-06-05
Site C,关键词研究,11,2024-06-06
Site C,关键词研究,11,2024-06-07
Site C,关键词研究,11,2024-06-08
Site C,关键词研究,11,2024-06-09
Site C,关键词研究,11,2024-06-10
Site C,关键词研究,11,2024-06-11
Site C,关键词研究,11,2024-06-12
Site C,关键词研究,11,2024-06-13
Site C,关键词研究,11,2024-06-14
Site C,关键词研究,11,2024-06-15
Site C,关键词研究,11,2024-06-16
Site C,关键词研究,11,2024-06-17
Site C,关键词研究,11,2024-06-18
Site C,关键词研究,11,2024-06-19
Site C,关键词研究,11,2024-06-20
Site C,关键词研究,11,2024-06-21
Site C,关键词研究,11,2024-06-22
Site C,关键词研究,11,2024-06-23
Site C,关键词研究,11,2024-06-24
Site C,关键词研究,11,2024-06-25
Site C,关键词研究,11,2024-06-26
Site C,关键词研究,11,2024-06-27
Site C,关键词研究,11,2024-06-28
Site C,关键词研究,11,2024-06-29
Site C,关键词研究,11,2024-06-30
Site C,关键词研究,11,2024-07-01
Site C,关键词研究,11,2024-07-02
Site C,关键词研究,11,2024-07-03
Site C,关键词研究,11,2024-07-04
Site C,关键词研究,11,2024-07-05
Site C,关键词研究,11,2024-07-06
Site C,关键词研究,11,2024-07-07
Site C,关键词研究,11,2024-07-08
Site C,关键词研究,11,2024-07-09
Site C,关键词研究,11,2024-07-10
Site C,关键词研究,11,2024-07-11
Site C,关键词研究,11,2024-07-12
Site C,关键词研究,11,2024-07-13
Site C,关键词研究,11,2024-07-14
Site C,关键词研究,11,2024-07-15
Site C,关键词研究,11,2024-07-16
Site C,关键词研究,11,2024-07-17
Site C,关键词研究,11,2024-07-18
Site C,关键词研究,11,2024-07-19
Site C,关键词研究,11,2024-07-20
Site C,关键词研究,11,2024-07-21
Site C,关键词研究,11,2024-07-22
Site C,关键词研究,11,2024-07-23
Site C,关键词研究,11,2024-07-24
Site C,关键词研究,11,2024-07-25
Site C,关键词研究,11,2024-07-26
Site C,关键词研究,11,2024-07-27
Site C,关键词研究,11,2024-07-28
Site C,关键词研究,11,2024-07-29
Site C,关键词研究,11,2024-07-30
Site C,竞争对手分析,12,2024-06-01
Site C,竞争对手分析,12,2024-06-02
Site C,竞争对手分析,12,2024-06-03
Site C,竞争对手分析,12,2024-06-04
Site C,竞争对手分析,12,2024-06-05
Site C,竞争对手分析,12,2024-06-06
Site C,竞争对手分析,12,2024-06-07
Site C,竞争对手分析,12,2024-06-08
Site C,竞争对手分析,12,2024-06-09
Site C,竞争对手分析,12,2024-06-10
Site C,竞争对手分析,12,2024-06-11
Site C,竞争对手分析,12,2024-06-12
Site C,竞争对手分析,12,2024-06-13
Site C,竞争对手分析,12,2024-06-14
Site C,竞争对手分析,12,2024-06-15
Site C,竞争对手分析,12,2024-06-16
Site C,竞争对手分析,12,2024-06-17
Site C,竞争对手分析,12,2024-06-18
Site C,竞争对手分析,12,2024-06-19
Site C,竞争对手分析,12,2024-06-20
Site C,竞争对手分析,12,2024-06-21
Site C,竞争对手分析,12,2024-06-22
Site C,竞争对手分析,12,2024-06-23
Site C,竞争对手分析,12,2024-06-24
Site C,竞争对手分析,12,2024-06-25
Site C,竞争对手分析,12,2024-06-26
Site C,竞争对手分析,12,2024-06-27
Site C,竞争对手分析,12,2024-06-28
Site C,竞争对手分析,12,2024-06-29
Site C,竞争对手分析,12,2024-06-30
Site C,竞争对手分析,12,2024-07-01
Site C,竞争对手分析,12,2024-07-02
Site C,竞争对手分析,12,2024-07-03
Site C,竞争对手分析,12,2024-07-04
Site C,竞争对手分析,12,2024-07-05
Site C,竞争对手分析,12,2024-07-06
Site C,竞争对手分析,12,2024-07-07
Site C,竞争对手分析,12,2024-07-08
Site C,竞争对手分析,12,2024-07-09
Site C,竞争对手分析,12,2024-07-10
Site C,竞争对手分析,12,2024-07-11
Site C,竞争对手分析,12,2024-07-12
Site C,竞争对手分析,12,2024-07-13
Site C,竞争对手分析,12,2024-07-14
Site C,竞争对手分析,12,2024-07-15
Site C,竞争对手分析,12,2024-07-16
Site C,竞争对手分析,12,2024-07-17
Site C,竞争对手分析,12,2024-07-18
Site C,竞争对手分析,12,2024-07-19
Site C,竞争对手分析,12,2024-07-20
Site C,竞争对手分析,12,2024-07-21
Site C,竞争对手分析,12,2024-07-22
Site C,竞争对手分析,12,2024-07-23
Site C,竞争对手分析,12,2024-07-24
Site C,竞争对手分析,12,2024-07-25
Site C,竞争对手分析,12,2024-07-26
Site C,竞争对手分析,12,2024-07-27
Site C,竞争对手分析,12,2024-07-28
Site C,竞争对手分析,12,2024-07-29
Site C,竞争对手分析,12,2024-07-30
Site C,网站审计,13,2024-06-01
Site C,网站审计,13,2024-06-02
Site C,网站审计,13,2024-06-03
Site C,网站审计,13,2024-06-04
Site C,网站审计,13,2024-06-05
Site C,网站审计,13,2024-06-06
Site C,网站审计,13,2024-06-07
Site C,网站审计,13,2024-06-08
Site C,网站审计,13,2024-06-09
Site C,网站审计,13,2024-06-10
Site C,网站审计,13,2024-06-11
Site C,网站审计,13,2024-06-12
Site C,网站审计,13,2024-06-13
Site C,网站审计,13,2024-06-14
Site C,网站审计,13,2024-06-15
Site C,网站审计,13,2024-06-16
Site C,网站审计,13,2024-06-17
Site C,网站审计,13,2024-06-18
Site C,网站审计,13,2024-06-19
Site C,网站审计,13,2024-06-20
Site C,网站审计,13,2024-06-21
Site C,网站审计,13,2024-06-22
Site C,网站审计,13,2024-06-23
Site C,网站审计,13,2024-06-24
Site C,网站审计,13,2024-06-25
Site C,网站审计,13,2024-06-26
Site C,网站审计,13,2024-06-27
Site C,网站审计,13,2024-06-28
Site C,网站审计,13,2024-06-29
Site C,网站审计,13,2024-06-30
Site C,网站审计,13,2024-07-01
Site C,网站审计,13,2024-07-02
Site C,网站审计,13,2024-07-03
Site C,网站审计,13,2024-07-04
Site C,网站审计,13,2024-07-05
Site C,网站审计,13,2024-07-06
Site C,网站审计,13,2024-07-07
Site C,网站审计,13,2024-07-08
Site C,网站审计,13,2024-07-09
Site C,网站审计,13,2024-07-10
Site C,网站审计,13,2024-07-11
Site C,网站审计,13,2024-07-12
Site C,网站审计,13,2024-07-13
Site C,网站审计,13,2024-07-14
Site C,网站审计,13,2024-07-15
Site C,网站审计,13,2024-07-16
Site C,网站审计,13,2024-07-17
Site C,网站审计,13,2024-07-18
Site C,网站审计,13,2024-07-19
Site C,网站审计,13,2024-07-20
Site C,网站审计,13,2024-07-21
Site C,网站审计,13,2024-07-22
Site C,网站审计,13,2024-07-23
Site C,网站审计,13,2024-07-24
Site C,网站审计,13,2024-07-25
Site C,网站审计,13,2024-07-26
Site C,网站审计,13,2024-07-27
Site C,网站审计,13,2024-07-28
Site C,网站审计,13,2024-07-29
Site C,网站审计,13,2024-07-30
Site C,流量分析,14,2024-06-01
Site C,流量分析,14,2024-06-02
Site C,流量分析,14,2024-06-03
Site C,流量分析,14,2024-06-04
Site C,流量分析,14,2024-06-05
Site C,流量分析,14,2024-06-06
Site C,流量分析,14,2024-06-07
Site C,流量分析,14,2024-06-08
Site C,流量分析,14,2024-06-09
Site C,流量分析,14,2024-06-10
Site C,流量分析,14,2024-06-11
Site C,流量分析,14,2024-06-12
Site C,流量分析,14,2024-06-13
Site C,流量分析,14,2024-06-14
Site C,流量分析,14,2024-06-15
Site C,流量分析,14,2024-06-16
Site C,流量分析,14,2024-06-17
Site C,流量分析,14,2024-06-18
Site C,流量分析,14,2024-06-19
Site C,流量分析,14,2024-06-20
Site C,流量分析,14,2024-06-21
Site C,流量分析,14,2024-06-22
Site C,流量分析,14,2024-06-23
Site C,流量分析,14,2024-06-24
Site C,流量分析,14,2024-06-25
Site C,流量分析,14,2024-06-26
Site C,流量分析,14,2024-06-27
Site C,流量分析,14,2024-06-28
Site C,流量分析,14,2024-06-29
Site C,流量分析,14,2024-06-30
Site C,流量分析,14,2024-07-01
Site C,流量分析,14,2024-07-02
Site C,流量分析,14,2024-07-03
Site C,流量分析,14,2024-07-04
Site C,流量分析,14,2024-07-05
Site C,流量分析,14,2024-07-06
Site C,流量分析,14,2024-07-07
Site C,流量分析,14,2024-07-08
Site C,流量分析,14,2024-07-09
Site C,流量分析,14,2024-07-10
Site C,流量分析,14,2024-07-11
Site C,流量分析,14,2024-07-12
Site C,流量分析,14,2024-07-13
Site C,流量分析,14,2024-07-14
Site C,流量分析,14,2024-07-15
Site C,流量分析,14,2024-07-16
Site C,流量分析,14,2024-07-17
Site C,流量分析,14,2024-07-18
Site C,流量分析,14,2024-07-19
Site C,流量分析,14,2024-07-20
Site C,流量分析,14,2024-07-21
Site C,流量分析,14,2024-07-22
Site C,流量分析,14,2024-07-23
Site C,流量分析,14,2024-07-24
Site C,流量分析,14,2024-07-25
Site C,流量分析,14,2024-07-26
Site C,流量分析,14,2024-07-27
Site C,流量分析,14,2024-07-28
Site C,流量分析,14,2024-07-29
Site C,流量分析,14,2024-07-30
